date,ticker,text,sentiment,original_sentiment,industry
2020-11-22,ABNB,Can you just IPO please I got money waiting for you ox chart increasing ABNB,0.8174160569906235,Bullish,Consumer Discretionary
2020-11-20,ABNB,ABNB been waiting for this one Wonder what the IPO price will be then last minute face with tears of joy,0.588986799120903,Bullish,Consumer Discretionary
2020-12-06,ABNB,ABNB Next week will be HUGE money mouth face money mouth face money mouth face money mouth face money mouth face money mouth face money mouth face,0.9041408319026232,Bullish,Consumer Discretionary
2020-12-05,ABNB,ABNB Pls open at a reasonable price crossed fingers medium light skin tone,0.8111030906438828,Bullish,Consumer Discretionary
2020-12-07,ABNB,ABNB I ll buy in when it s during the next lockdown DoNotChase hourglass not done,0.8488119170069695,Bullish,Consumer Discretionary
2020-12-07,ABNB,ABNB I am waiting for cheap price bar chart bar chart chart decreasing chart decreasing SOON arrow,0.7965431660413742,Bullish,Consumer Discretionary
2020-12-07,ABNB,ABNB I ve been waiting for this one smiling face with horns,0.8217168003320694,Bullish,Consumer Discretionary
2020-12-07,ABNB,ABNB NOTICE I contacted Robinhood winking face Thanks for reaching out to Robinhood regarding these upcoming IPOs I m happy to shed some light on how these work We will support IPOs if they are listed on NYSE or NASD Robinhood typically allows our customers to place limit orders to purchase shares of IPO s on their opening day around AM EST Keep in mind these orders cannot be executed and will remain pending until the stock officially begins trading on our platform and your limit price is met Please be aware that orders placed on the day of an IPO may not always fill due to increased trading volatility Stocks on the day of their IPOs are often more volatile than mature stocks Sincerely Savanna,0.8637990206480026,Bullish,Consumer Discretionary
2020-12-07,ABNB,ABNB The next bubble stock Wall St is going to run this up to easy I ll be right there with them lol face with tears of joy,0.799685150384903,Bullish,Consumer Discretionary
2020-12-07,ABNB,ABNB yeah the train is not even stopping at the station confounded face crying face,0.3497246615588665,Bullish,Consumer Discretionary
2020-12-08,ABNB,ABNB buy big and buy strong when this opens on Thursday Blink and it will be at before you know Very highly anticipated stock You know the big companies are coming to get there s Warren Buffet will take his fair share money bag money bag money bag money bag money bag money bag money bag money bag money bag money bag,0.9052322879433632,Bullish,Consumer Discretionary
2020-12-08,ABNB,ABNB well time to use that instant deposit on RH face with tears of joy why can t they ever give enough of a heads up I d put more in crossed fingers light skin tone,0.7668022513389587,Bullish,Consumer Discretionary
2020-12-08,ABNB,ABNB And even more ready for this one dollar banknote dollar banknote dollar banknote,0.5824361592531204,Bullish,Consumer Discretionary
2020-12-09,ABNB,ABNB my fomo on this is too high these are the companies why I started investing I Innovation Brand I m going in on initial buy with for any dips that come IF ANY LONG LONG LONG I want to keep these shares for my kids college graduation I don t have any kids yet either money mouth face money mouth face,0.8995849955826998,Bullish,Consumer Discretionary
2020-12-09,ABNB,ABNB is anyone doing a limit order for this stock If so at what price face without mouth smiling face with open hands,0.9102059714496136,Bullish,Consumer Discretionary
2020-12-09,ABNB,ABNB Marriott B valuation Stock price Hilton B valuation Stock price Hyatt B valuation Stock price Airbnb is easily a money bag,0.8716005235910416,Bullish,Consumer Discretionary
2020-12-09,ABNB,ABNB pt tommorow ayeeee let s get it bottle with popping cork bottle with popping cork bottle with popping cork,0.8043511733412743,Bullish,Consumer Discretionary
2020-12-09,ABNB,ABNB I m guessing it will be available to the rest of us when it s already up about so I guess the question is do we the people have enough buyers ready to go and hold for the long haul If we do man we are going to make a killing beaming face with smiling eyes beaming face with smiling eyes beaming face with smiling eyes,0.7663273736834526,Bullish,Consumer Discretionary
2020-12-10,ABNB,ABNB years from now after dozens of thwarted lawsuits from the hotel industry after stellar growth and expansion after more technological advances and innovations and deals after wiping out of the hotel industry Amazon type of situation you will wish you had bought this stock at whatever price it ipo s Yes it will be released to retail investors higher than the stated ipo price similarly to DASH today yes it s still a win based on deserved hype and worldwide demand ABNB has literally endless growth opportunity once the pandemic is gone Easy decision tomorrow MAKE SOME FUCKING CASH trophy trophy trophy st place medal st place medal st place medal dollar banknote dollar banknote dollar banknote bottle with popping cork bottle with popping cork bottle with popping cork,0.7208417654037476,Bullish,Consumer Discretionary
2020-12-10,ABNB,ABNB if you re looking for a trade before this opens MMED has a beautiful breakout going soon mushroom collision,0.019162654876708984,Bullish,Consumer Discretionary
2020-12-10,ABNB,ABNB will get in tomorrow end of the day smiling face with smiling eyes,0.7265346497297287,Bullish,Consumer Discretionary
2020-12-10,ABNB,ABNB just bought shares and will never sell them Will add along the way folded hands light skin tone,0.8391084298491478,Bullish,Consumer Discretionary
2020-12-10,ABNB,ABNB Have no idea as to why my post went out times when I posted once Then again I blame Johnny Walker Blue face with rolling eyes,0.19509270042181015,Bullish,Consumer Discretionary
2020-12-10,ABNB,ABNB since Jeff Bezos is investing in this stock I guess I have to as well wrapped gift wrapped gift wrapped gift money bag money bag money bag,0.882024846971035,Bullish,Consumer Discretionary
2020-12-10,ABNB,ABNB already got my buy order in place tired face grimacing face raising hands medium light skin tone,0.2851020097732544,Bullish,Consumer Discretionary
2020-12-10,ABNB,ABNB I have my buyer order in let s see what happens smirking face,0.8530017212033272,Bullish,Consumer Discretionary
2020-12-10,ABNB,ABNB I PREDICT IT WILL OPEN AT AND WILL BE ABOVE AT THE END OF THE MARKET money mouth face money mouth face money bag money bag clinking glasses clinking glasses LETS GO,0.8860703781247139,Bullish,Consumer Discretionary
2020-12-10,ABNB,ABNB who else is nervous about how this is going to play out today tired face,0.8267787769436836,Bullish,Consumer Discretionary
2020-12-10,ABNB,ABNB Am I the first to post here eyes,0.8884429559111595,Bullish,Consumer Discretionary
2020-12-10,ABNB,ABNB Robinhood has Airbnb now I notice everyone sold their shares for this stock Is the hype for real FOMO rocket rocket rocket,0.8131741508841515,Bullish,Consumer Discretionary
2020-12-10,ABNB,ABNB folks need your help again Please post level quotes for abnb please folded hands folded hands victory hand,0.8981250934302807,Bullish,Consumer Discretionary
2020-12-10,ABNB,ABNB look at the bears coming out face with tears of joy,0.6187283247709274,Bullish,Consumer Discretionary
2020-12-10,ABNB,ABNB shares crossed fingers if it comes through great if not just going to wait on the sidelines to what happens,0.8630766086280346,Bullish,Consumer Discretionary
2020-12-10,ABNB,ABNB set limit buy fir if I don t get in oh well I ll buy on the dip hahaha rolling on the floor laughing face with tears of joy rolling on the floor laughing face with tears of joy,0.8372460156679153,Bullish,Consumer Discretionary
2020-12-10,ABNB,ABNB just a thought but maybe IPOs should be made available to everyone instead of kicking us retail traders in the teeth every time Long term bullish and starting small entry level position today I hope it drops over next year or so and I can load up Cheers clinking beer mugs,0.6625908687710762,Bullish,Consumer Discretionary
2020-12-10,ABNB,ABNB shoutout to William Blair who got me shares at I will be selling at the open though face with tears of joy,0.7025080472230911,Bullish,Consumer Discretionary
2020-12-10,ABNB,ABNB Open at Trading range bottle with popping cork,0.5376982539892197,Bullish,Consumer Discretionary
2020-12-10,ABNB,ABNB What price y all got your limit orders set at Drop em below backhand index pointing down medium light skin tone,0.8549248836934566,Bullish,Consumer Discretionary
2020-12-10,ABNB,ABNB don t forget people the same people who said that lemonade was a bear and snowflake was a bear because it was overpriced well they all held their prices rocket rocket rocket,0.8722476474940777,Bullish,Consumer Discretionary
2020-12-10,ABNB,ABNB gonna buy on the dip within the hour of going public sign of the horns dash over valued did the same as well dip,0.7456048801541328,Bullish,Consumer Discretionary
2020-12-10,ABNB,ABNB loudspeaker About to go live soon folks This company has given me the chance to start my hustle and find my account to start trading I really owe it to this company But at that is just too high I will wait for the inevitable pullback regardless of how long it will take BUT I want in for sure,0.7285448014736176,Bullish,Consumer Discretionary
2020-12-10,ABNB,ABNB all of a sudden ST traders think valuation matters rolling on the floor laughing this is a stonk market prices only go up,0.4615984559059143,Bullish,Consumer Discretionary
2020-12-10,ABNB,ABNB same bear told about AI bullish on ABNB,0.09390795975923538,Bullish,Consumer Discretionary
2020-12-10,ABNB,ABNB I just bought share smiling face with halo Take me to the moon rocket,0.7711201086640358,Bullish,Consumer Discretionary
2020-12-10,ABNB,ABNB Its oclock somewhere Unleash the beast flexed biceps rocket rocket,0.8162964731454849,Bullish,Consumer Discretionary
2020-12-10,ABNB,ABNB trading zone Coon it and revisit at flexed biceps raccoon,0.9148984868079424,Bullish,Consumer Discretionary
2020-12-10,ABNB,ABNB They have until hrs to go live If I was betting man or wait I am hahaha rolling on the floor laughing I d bet we go live hrs,0.839738517999649,Bullish,Consumer Discretionary
2020-12-10,ABNB,ABNB Let s See What She Can Do smiling face,0.702269583940506,Bullish,Consumer Discretionary
2020-12-10,ABNB,ABNB gonna buy share around after it open where s my robinhooders gang money mouth face money mouth face money bag money bag money bag fire fire fire,0.8930601142346859,Bullish,Consumer Discretionary
2020-12-10,ABNB,ABNB Overpriced trading zone for those Coons out there Sell it and revisit from Good luck flexed biceps raccoon,0.8225847408175468,Bullish,Consumer Discretionary
2020-12-10,ABNB,ABNB CNBC Says AirBnB Looking To Open Around p m EST Gonna be crazy awesome company and business model I wish it was below frowning face,0.6825628131628036,Bullish,Consumer Discretionary
2020-12-10,ABNB,ABNB is this ever going to open Nahhh just window shopping is all squinting face with tongue,0.8600692264735699,Bullish,Consumer Discretionary
2020-12-10,ABNB,ABNB amazing stock if airbnb grows everday and vaccinate every single human and animal we take off fire fire fire rocket rocket rocket,0.8805517219007015,Bullish,Consumer Discretionary
2020-12-10,ABNB,ABNB is it halted before the open thinking face face with tears of joy,0.5503740981221199,Bullish,Consumer Discretionary
2020-12-10,ABNB,ABNB to the moon B market cap EOW rocket rocket rocket rocket rocket rocket rocket,0.8959453105926514,Bullish,Consumer Discretionary
2020-12-10,ABNB,ABNB bought shares at hundred points United States,0.7779365181922913,Bullish,Consumer Discretionary
2020-12-10,ABNB,ABNB I am in at Selling at the end of the day face with tears of joy face with tears of joy,0.6299033910036087,Bullish,Consumer Discretionary
2020-12-10,ABNB,ABNB Industry Disruptor I give it a pt eyes,0.8521531261503696,Bullish,Consumer Discretionary
2020-12-10,ABNB,ABNB it has some decent support shares at lets goo eyes,-0.8688100911676884,Bullish,Consumer Discretionary
2020-12-10,ABNB,ABNB stop loss locked locked be smart,0.7869974821805954,Bullish,Consumer Discretionary
2020-12-10,ABNB,ABNB wow crazy procing Stocks might drop upto by eoy After first earnings expect an entry point belo Long term bullish though slightly smiling face,0.024273168295621872,Bullish,Consumer Discretionary
2020-12-10,ABNB,ABNB will buy this at a HUGE dip so I ll be waiting smiling face with horns,0.8110428601503372,Bullish,Consumer Discretionary
2020-12-10,ABNB,ABNB I now a remaining stake of share in AirBNB I look forward to my proxy s grinning face with big eyes,0.833214558660984,Bullish,Consumer Discretionary
2020-12-10,ABNB,ABNB i bid at beaming face with smiling eyes thanks for the quick profit,-0.17440295219421387,Bullish,Consumer Discretionary
2020-12-10,ABNB,ABNB y all could invest in GHIV they are worth way more than this United Wholesale Mortgage smiling face with sunglasses fire,0.7475542426109314,Bullish,Consumer Discretionary
2020-12-10,ABNB,ABNB waiting for to scalp back to yawning face,0.43626733124256134,Bullish,Consumer Discretionary
2020-12-10,ABNB,ABNB LMAO all these bears have k in their savings accounts Get your bread up You ll see this trading in years rainbow bear,0.7390938773751259,Bullish,Consumer Discretionary
2020-12-10,ABNB,ABNB This is like Tesla Every investor wants to hold it flexed biceps,0.8580598570406437,Bullish,Consumer Discretionary
2020-12-10,ABNB,ABNB let s see plus today rocket rocket rocket,0.8419733941555023,Bullish,Consumer Discretionary
2020-12-10,ABNB,ABNB will end big so they make a statement rocket rocket rocket rocket rocket rocket rocket rocket rocket rocket rocket rocket rocket rocket rocket rocket rocket rocket rocket rocket rocket rocket rocket rocket rocket rocket rocket rocket rocket rocket rocket rocket rocket rocket rocket rocket rocket rocket rocket rocket rocket rocket rocket rocket rocket,0.9177886191755533,Bullish,Consumer Discretionary
2020-12-10,ABNB,ABNB PEOPLE ARE GOING TO WANT TO SOCIALIZE and HAVE an EXPERIENCE when TRAVELING Soon as this pandemic is over Airbnb is through the roof collision,0.6696906983852386,Bullish,Consumer Discretionary
2020-12-10,ABNB,ABNB HA Bears suck rolling on the floor laughing rolling on the floor laughing rolling on the floor laughing tried so hard to tank this losers,0.7196734100580215,Bullish,Consumer Discretionary
2020-12-10,ABNB,ABNB Out for now with a total profit of cents eyes thanks for the selling and good luck traders,-0.8865278922021389,Bullish,Consumer Discretionary
2020-12-10,ABNB,ABNB just buying in the IRA for fun don t give sh t rolling on the floor laughing,0.8208797723054886,Bullish,Consumer Discretionary
2020-12-10,ABNB,ABNB Bunch of big orders coming through oh oh bears are in troubles flushed face flushed face,0.37650004029273987,Bullish,Consumer Discretionary
2020-12-10,ABNB,ABNB well got my IPO OF Pleasantly surprised But this is before everything opens back up so I m expecting A Tesla type move by summer money bag money bag money bag yeeeeeeeehawww,0.7164546698331833,Bullish,Consumer Discretionary
2020-12-10,ABNB,ABNB BEARS WERE EXPECTING THIS TO COST AT THIS TIME BELOW THEY KNOW THEY ARE FCKD FOR SHORTING THIS GOLD MINE Lesson learned No every stock can be shorted check mark button,0.7245955541729927,Bullish,Consumer Discretionary
2020-12-10,ABNB,ABNB EPIC FAILURE Hey the stock is up bucks technically I bought share which is down bucks How many think I make more money in the AH then i lost now with this share Lmao squinting face with tongue,0.20340945944190025,Bullish,Consumer Discretionary
2020-12-10,ABNB,ABNB TIK TOK TIK TOK MINUTES LEFT FOR SHORTS TO COVER THEY KNOW WHAT S GOING TO HAPPEN DURING AH flushed face flushed face flushed face,0.849632928147912,Bullish,Consumer Discretionary
2020-12-10,ABNB,ABNB if your bearish your thinking short term If you don t see the long term potential here you don t travel Simple as that man shrugging light skin tone,0.8504182584583759,Bullish,Consumer Discretionary
2020-12-10,ABNB,ABNB lots of bag holders in here Including myself I bought in at share grimacing face,0.4051498994231224,Bullish,Consumer Discretionary
2020-12-11,ABNB,ABNB going to tommorow Positive vaccine news and the majority of buyers today were and above Get ready for the rocket,0.20156070590019226,Bullish,Consumer Discretionary
2020-12-11,ABNB,ABNB good luck doubling or tripling your money buying shares Better off waitin for options and those who bought in at the peak during IPO about to get wrecked Calls and puts all day baby rolling on the floor laughing,0.8172565437853336,Bullish,Consumer Discretionary
2020-12-11,ABNB,ABNB I m bullish but Jesus Christ double valuations tho frowning face,0.74815683811903,Bullish,Consumer Discretionary
2020-12-11,ABNB,ABNB wherever the price goes in the next week months years it doesn t really matter to me or most investors here We re looking years down the road thumbs up light skin tone,0.8686865940690041,Bullish,Consumer Discretionary
2020-12-11,ABNB,ABNB the days of renting a shoebox room at a chain hotel with Queen bed and a small prison bar of soap and a window you can t open are over called they want their hotel business model back star struck money with wings,0.8272366151213646,Bullish,Consumer Discretionary
2020-12-11,ABNB,ABNB I see so many people crying over the fact that some people got to buy their shares for and yadayadayada there s something called lock up which means they can t sell their shares for a period so get over it stop whining either jump in now or get out Jeeeezzz so many people complaining you re so jealous it s annoying woozy face woozy face woozy face,0.4711485654115677,Bullish,Consumer Discretionary
2020-12-11,ABNB,ABNB I knew this was going to happen it dropped after open I also feel like it will keep dropping a bit more before it becomes steady Then I make my entry for long term hold become bullish sparkles folded hands medium skin tone,0.844057772308588,Bullish,Consumer Discretionary
2020-12-11,ABNB,ABNB I Was waiting for this stock to drop darn fell asleep sleeping face on the release,0.6019178926944733,Bullish,Consumer Discretionary
2020-12-11,ABNB,ABNB hotels are over disguised face disguised face disguised face check mark button check mark button check mark button locked locked locked locked locked money train,0.8236704338341951,Bullish,Consumer Discretionary
2020-12-11,ABNB,ABNB hey at least they re profitable man shrugging light skin tone is it valued correctly today No Do they have any competitors I don t think so thinking face,0.7761451676487923,Bullish,Consumer Discretionary
2020-12-11,ABNB,ABNB This will make new highs tomorrow rolling on the floor laughing clapping hands light skin tone shushing face Bears Fu ked,0.7361218929290771,Bullish,Consumer Discretionary
2020-12-11,ABNB,ABNB looks like another Tesla I sit here and complain about it being overpriced and make no sense or I can buy it and make a fortune on stupidity zany face,0.4124386738985777,Bullish,Consumer Discretionary
2020-12-11,ABNB,ABNB Make or break day for Me got in with shares crossed fingers crossed fingers crossed fingers,0.6283691376447678,Bullish,Consumer Discretionary
2020-12-11,ABNB,ABNB stop your crying on valuation rolling on the floor laughing rolling on the floor laughing rolling on the floor laughing,0.7955938465893269,Bullish,Consumer Discretionary
2020-12-11,ABNB,ABNB Every investor in the world will buy this share flexed biceps,0.7615314573049545,Bullish,Consumer Discretionary
2020-12-11,ABNB,ABNB lol everyone here who is short loudly crying face loudly crying face about to miss the train and be the same ppl who missed Tesla,0.6760004572570324,Bullish,Consumer Discretionary
2020-12-11,ABNB,ABNB what time flight is to I have booked a position in Airbnb grinning face with big eyes,0.7292321473360062,Bullish,Consumer Discretionary
2020-12-11,ABNB,ABNB Vaccines roll out Stimulus Moderna vaccine approval flexed biceps,0.004055231809616089,Bullish,Consumer Discretionary
2020-12-11,ABNB,ABNB hold it for to weeks We ll see thumbs up,0.8174486458301544,Bullish,Consumer Discretionary
2020-12-11,ABNB,ABNB As i have said every investor in the world will buy this share just like tesla flexed biceps,0.7248793691396713,Bullish,Consumer Discretionary
2020-12-11,ABNB,ABNB Once is broken then it would fly very strong flexed biceps Patience os the key Investors around the world are buying this share,0.028123438358306885,Bullish,Consumer Discretionary
2020-12-11,ABNB,ABNB end of the day smiling face with sunglasses,0.858551736921072,Bullish,Consumer Discretionary
2020-12-11,ABNB,ABNB hmm No lockup for insiders and this hasn t crashed face with raised eyebrow good sign imo,0.6139928698539734,Bullish,Consumer Discretionary
2020-12-11,ABNB,ABNB Guys do guys know you make more money on collision PLG collision LION BATTERY Huge room to run,0.8613803833723068,Bullish,Consumer Discretionary
2020-12-11,ABNB,ABNB only Green Ticker Let s go grinning face with big eyes,0.8638013005256653,Bullish,Consumer Discretionary
2020-12-11,ABNB,ABNB i will buy this on and it will be the lowest dip to the moon fire fire fire,0.7849801257252693,Bullish,Consumer Discretionary
2020-12-11,ABNB,ABNB sorry to see those bears comparing Airbnb to hotel man facepalming woman facepalming person facepalming,0.5266218651086092,Bullish,Consumer Discretionary
2020-12-11,ABNB,ABNB The battleground is at flexed biceps,0.6039207130670547,Bullish,Consumer Discretionary
2020-12-11,ABNB,ABNB We ve just broken the wall flexed biceps,0.12412872910499573,Bullish,Consumer Discretionary
2020-12-11,ABNB,ABNB beautiful chart This trains headed to locomotive,0.8618958070874214,Bullish,Consumer Discretionary
2020-12-11,ABNB,ABNB Accept your stupidity and move on rolling on the floor laughing,0.7088222429156303,Bearish,Consumer Discretionary
2020-12-11,ABNB,ABNB those bag whores thought process lol face with tears of joy,0.38344234600663185,Bearish,Consumer Discretionary
2020-12-11,ABNB,ABNB waiting for triple down under face with tears of joy face with tears of joy bar chart face with tears of joy drop of blood drop of blood chart decreasing chart decreasing,0.8433119133114815,Bearish,Consumer Discretionary
2020-12-11,ABNB,ABNB face with tears of joy reminds of Uber face with tears of joy they own nothing but valued as if they own It all face with tears of joy,0.8435274213552475,Bearish,Consumer Discretionary
2020-12-12,ABNB,ABNB I hope this tanks to for a good laugh A meme will be made from IPO hypes All hype and overvalued rolling on the floor laughing,0.7838193699717522,Bearish,Consumer Discretionary
2020-12-12,ABNB,ABNB people actually buying here face with monocle sneezing face,0.755448792129755,Bearish,Consumer Discretionary
2020-12-12,ABNB,ABNB ppl promoting and investing in peeping toms Airbnb eyes eyes eyes should go some DD man shrugging light skin tone,0.8075596988201141,Bearish,Consumer Discretionary
2020-12-12,ABNB,ABNB Sorry bulls but the vaccine news benefit beaten down stocks like AAL which is still half of its price pre covid not fresh IPOs that doubled the first minute face with tears of joy,-0.4742383770644665,Bearish,Consumer Discretionary
2020-12-14,ABNB,ABNB face with tears of joy face with tears of joy face with tears of joy rolling on the floor laughing rolling on the floor laughing at everyone who bought this overpriced piece of shit You deserve these red days coming,0.7815625891089439,Bearish,Consumer Discretionary
2020-12-14,ABNB,ABNB alarm fire fire fire fire fire fire up n here quick stop duck and roll rolling on the floor laughing rolling on the floor laughing,0.8868329841643572,Bearish,Consumer Discretionary
2020-12-14,ABNB,ABNB these airbnb daytraders are getting rekt face with tears of joy,0.37523816525936127,Bearish,Consumer Discretionary
2020-12-14,ABNB,ABNB get down to where you belong Market cap is still around B face with tears of joy face with tears of joy face with tears of joy,0.7373170778155327,Bearish,Consumer Discretionary
2020-12-14,ABNB,ABNB See u but still will not add maybe face with monocle,0.8611848913133144,Bearish,Consumer Discretionary
2020-12-14,ABNB,ABNB rolling on the floor laughing rolling on the floor laughing rolling on the floor laughing rolling on the floor laughing rolling on the floor laughing back to we go,0.851582732051611,Bearish,Consumer Discretionary
2020-12-14,ABNB,ABNB I wouldn t buy this at thumbs down,0.7996452823281288,Bearish,Consumer Discretionary
2020-12-14,ABNB,ABNB This was all BS The Underwriters over subscribe the price to There are the ones to blame The only smartass guys that got loaded up their profits were the pre IPO buyers and guess who they are rolling on the floor laughing rolling on the floor laughing all the open market buyers will lose big time It is a no brainer that this will go back to or less All the shortiiessss are celebrating partying face,0.6211886331439018,Bearish,Consumer Discretionary
2020-12-15,ABNB,ABNB how are you my fellow bag holders smiling face with sunglasses smiling face with sunglasses smiling face with sunglasses so who bought at,0.8567070327699184,Bearish,Consumer Discretionary
2020-12-14,ABNB,ABNB I m usually bullish but think this one will go down to s pleading face money bag,0.8006608635187149,Bearish,Consumer Discretionary
2020-12-15,ABNB,ABNB drop to the s baby face savoring food,0.2394847869873047,Bearish,Consumer Discretionary
2020-12-15,ABNB,ABNB struggling again today Haha down she goes smiling face,-0.1859036684036255,Bearish,Consumer Discretionary
2020-12-15,ABNB,ABNB looking for a room willing to pay just like for the stock beaming face with smiling eyes,0.30806517601013184,Bearish,Consumer Discretionary
2020-12-15,ABNB,ABNB Trying to find the dip but it s never ending face with tears of joy,0.5049109607934952,Bearish,Consumer Discretionary
2020-12-16,ABNB,ABNB you guys gonna get your first Green Day today clown face face with tears of joy this will be below,0.65850730240345,Bearish,Consumer Discretionary
2020-12-16,ABNB,ABNB musical notes Jaws music playing in background musical notes,0.8980659786611795,Bearish,Consumer Discretionary
2020-12-16,ABNB,ABNB Why are puts printing Am I the only one seeing this money bag smiling face with sunglasses bottle with popping cork,0.8078752085566521,Bearish,Consumer Discretionary
2020-12-16,ABNB,ABNB Dude puts are going crazy right now money bag smiling face with sunglasses,0.8583206497132778,Bearish,Consumer Discretionary
2020-12-16,ABNB,ABNB nice k gain from puts money bag smiling face with sunglasses victory hand,0.6810317635536194,Bearish,Consumer Discretionary
2020-12-16,ABNB,ABNB is a bloated pig pig face Losing money horrible metrics under attack from all angles,0.024620603770017624,Bearish,Consumer Discretionary
2020-12-16,ABNB,ABNB most bulls here are still down a share and act like they made a Warren Buffet level play rolling on the floor laughing clown face,0.09027531649917364,Bearish,Consumer Discretionary
2020-12-16,ABNB,ABNB will be The Years of Travel rocket,0.8974921219050884,Bullish,Consumer Discretionary
2020-12-16,ABNB,ABNB bears sniffing for tidbits on the ground at the end of the day face with rolling eyes face with tears of joy,0.5134601816534996,Bullish,Consumer Discretionary
2020-12-16,ABNB,ABNB bears come out after hours as usual to talk shit rolling on the floor laughing rolling on the floor laughing rolling on the floor laughing,0.8464330174028873,Bullish,Consumer Discretionary
2020-12-16,ABNB,ABNB Bears last few days ima BuY whEn itS face with tears of joy rocket money with wings victory hand medium light skin tone,0.7892835959792137,Bullish,Consumer Discretionary
2020-12-17,ABNB,ABNB woman raising hand medium light skin tone woman raising hand medium light skin tone Yup I m in April rocket rocket IV slightly elevated ha,0.8219106420874596,Bullish,Consumer Discretionary
2020-12-17,ABNB,ABNB bears are so bitter They are actually wanna be bulls who want in at man shrugging light skin tone,0.8512499444186687,Bullish,Consumer Discretionary
2020-12-17,ABNB,ABNB whoever is buying this stock at this price is crazy Just saying downcast face with sweat IPO was set at now it s worth twice and sum I m bullish but mind fuck,0.8145152255892754,Bullish,Consumer Discretionary
2020-12-17,ABNB,ABNB this board is very quiet when the stock is green Bears man shrugging light skin tone waning gibbous moon,0.7128748595714569,Bullish,Consumer Discretionary
2020-12-17,ABNB,ABNB bears Im wAiTing to LoaD tHe boAt aT neXt weEK face with rolling eyes woozy face man facepalming light skin tone,0.7750971913337708,Bullish,Consumer Discretionary
2020-12-17,ABNB,ABNB I ve yet in years to buy or sell a stock based on what analysts say Nobody knows if these people are genuine back in the day these analysts and YouTube warriors didn t exist You had to do own research and think ahead basically people made more money then than now Now the stock market is littered with young green kids talking fiction not facts Getting info from CNBC or Kevin s on YouTube with K subscribers man shrugging Do the opposite be a wolf not of the herd following blindly,0.8921565189957619,Bullish,Consumer Discretionary
2020-12-17,ABNB,ABNB all those that shorted and said they re waiting for it to reach u must deactivate your account screenshot loading rolling on the floor laughing,0.7133197989314795,Bullish,Consumer Discretionary
2020-12-17,ABNB,ABNB Airbnb is WORLDWIDE bears and its not just homes for rent its rooms spaces and experiences this isn t a Motel victory hand medium light skin tone,0.8711770810186863,Bullish,Consumer Discretionary
2020-12-17,ABNB,ABNB Funny how the bears just disappear Are they paid only daily basis face with tears of joy,0.7291433066129684,Bullish,Consumer Discretionary
2020-12-17,ABNB,ABNB bears be like woozy face I shorted,0.8669540546834469,Bullish,Consumer Discretionary
2020-12-17,ABNB,ABNB where all the bears go Where are all the guys who said this is going to go face with tears of joy face with tears of joy face with tears of joy rolling on the floor laughing rolling on the floor laughing rolling on the floor laughing,0.863464180380106,Bullish,Consumer Discretionary
2020-12-17,ABNB,ABNB is it too late to buy or should I wait for to buy in thinking face,0.8707491420209408,Bullish,Consumer Discretionary
2020-12-17,ABNB,ABNB face with tears of joy face with tears of joy A few bears have poked their heads out from under the covers go back and hide your trauma ain t over weary face,0.7570628300309181,Bullish,Consumer Discretionary
2020-12-17,ABNB,ABNB Do you see what I see Ascending triangle formation thinking face bullish technicalanalysis stocks ABNB IPO stocktrading investing daytrading,0.8774791210889816,Bullish,Consumer Discretionary
2020-12-17,ABNB,ABNB bears Short it more Going to be a bad year for your family under the Christmas Tree man shrugging light skin tone,0.2471655309200287,Bullish,Consumer Discretionary
2020-12-17,ABNB,ABNB sold half rebuying if it dips to middle finger medium dark skin tone bear,0.8967834785580635,Bullish,Consumer Discretionary
2020-12-17,ABNB,ABNB wait till stimulus Vacations will be up shushing face rocket face with tears of joy,0.5957673266530037,Bullish,Consumer Discretionary
2020-12-17,ABNB,ABNB Cup and handle or cup without handle thinking face Need to find out,0.904357148334384,Bullish,Consumer Discretionary
2020-12-17,ABNB,ABNB sold at the break let the rest ridethewave water wave water wave water wave,0.876483853906393,Bullish,Consumer Discretionary
2020-12-17,ABNB,ABNB bear logic looking a lot like face with tears of joy,0.7722720727324486,Bullish,Consumer Discretionary
2020-12-17,ABNB,ABNB I was talking about s a few days ago when Amateur Bears were predicting below rolling on the floor laughing,0.8370374739170074,Bullish,Consumer Discretionary
2020-12-17,ABNB,ABNB ask David trainer what DEM BAGZ weighing up this high thinking face,0.881644394248724,Bullish,Consumer Discretionary
2020-12-17,ABNB,ABNB these bear s living in their own dreamworld It s natural a healthy pullback will eventually occur but then we riding this ticker to the crescent moon,0.6526197046041489,Bullish,Consumer Discretionary
2020-12-17,ABNB,ABNB is it too late to buy or should I wait to buy higher like plus Thoughts thinking face,0.8309235647320747,Bullish,Consumer Discretionary
2020-12-17,ABNB,Well done to my discord members who started buying ABNB when I alerted them that I had started buying the stock on Monday at I can t lie I am upset that it s run up like crazy I only have a quarter of my position invested man facepalming medium dark skin tone The discord team WINS handshake,0.8320725932717323,Bullish,Consumer Discretionary
2020-12-17,ABNB,ABNB all Time high soon F the haters disguised face,0.27229808270931244,Bullish,Consumer Discretionary
2020-12-18,ABNB,ABNB Everyone wants this to go under because valuation not profitable Well that s not going to happen red heart fire rocket,0.633422065526247,Bullish,Consumer Discretionary
2020-12-18,ABNB,ABNB bears checking their accounts this morning grinning face,0.5814961493015289,Bullish,Consumer Discretionary
2020-12-18,ABNB,ABNB Min who cares about valuations anyway face with tears of joy company right here,0.7270710244774818,Bullish,Consumer Discretionary
2020-12-18,ABNB,ABNB hope I m not late to the party partying face,0.7487744018435478,Bullish,Consumer Discretionary
2020-12-18,ABNB,ABNB get on Bears Its not to late to close out your short money bag money with wings,0.7692468464374542,Bullish,Consumer Discretionary
2020-12-18,ABNB,ABNB wants and then it ll only have to drop for you to buy in bears clown face,0.7203812822699547,Bullish,Consumer Discretionary
2020-12-18,ABNB,ABNB I told you bears money bag money with wings rocket wrong side of the trade LT hold,0.7438855431973934,Bullish,Consumer Discretionary
2020-12-18,ABNB,ABNB I see more Bullish comments than Bearish ones Y all are alright Hibernating for the winter or somethin Winnie face with tears of joy,0.647191509604454,Bullish,Consumer Discretionary
2020-12-18,ABNB,ABNB is that a bird bird is that airplane airplane no its ABNB grinning face with sweat grinning face with sweat grinning face with sweat,0.8754381313920021,Bullish,Consumer Discretionary
2020-12-18,ABNB,ABNB bears on Monday im shorting it face with tears of joy,0.13698947802186012,Bullish,Consumer Discretionary
2020-12-18,ABNB,ABNB I guess the bears turned into bulls because I don t see any red rolling on the floor laughing rolling on the floor laughing rolling on the floor laughing,0.8015148639678955,Bullish,Consumer Discretionary
2020-12-18,ABNB,ABNB somebody hitting the Jan and calls I growing heart it,0.7885790392756462,Bullish,Consumer Discretionary
2020-12-18,ABNB,ABNB I am up from clinking beer mugs victory hand medium light skin tone,0.5803094059228897,Bullish,Consumer Discretionary
2020-12-18,ABNB,ABNB Well sold at close took profits Good luck to all of you hope you make a killing thumbs up,-0.1541714072227478,Bullish,Consumer Discretionary
2020-12-19,ABNB,ABNB who is actually short this face with tears of joy,0.7016684785485268,Bullish,Consumer Discretionary
2020-12-19,ABNB,ABNB was resistance goodnight bears hope you can get some sleep over the weekend victory hand medium light skin tone,0.5473562777042389,Bullish,Consumer Discretionary
2020-12-20,ABNB,ABNB First ER in April tons of time by then this will be well over hold this Gem gem stone,0.6550421565771103,Bullish,Consumer Discretionary
2020-12-21,ABNB,ABNB Mr Cramer wants you to own this stock money bag Don t listen to bears hahah,0.8935073465108871,Bullish,Consumer Discretionary
2020-12-21,ABNB,ABNB retracments are always good but whole market down i am still holding and holding it forever soon we go back up best stock no debt fire fire fire rocket rocket rocket rocket rocket rocket rocket rocket rocket thinking face,0.8466908223927021,Bullish,Consumer Discretionary
2020-12-21,ABNB,ABNB here we go Strong hands Where are my real bulls at that are still holding and not bouncing in and out trying to time the market clapping hands medium light skin tone flexed biceps medium light skin tone,0.8252970054745674,Bullish,Consumer Discretionary
2020-12-21,ABNB,ABNB is coming flexed biceps Every investor in the worldl holds this share long term like Tesla,0.7240799963474274,Bullish,Consumer Discretionary
2020-12-21,ABNB,ABNB Giddy up Giddy up horse horse Go green for Daddy You know you wanna,0.8440988138318062,Bullish,Consumer Discretionary
2020-12-21,ABNB,ABNB who bought the am dip man raising hand,0.7988866046071053,Bullish,Consumer Discretionary
2020-12-21,ABNB,ABNB What happens when it breaks rocket rocket rocket,0.8802422657608986,Bullish,Consumer Discretionary
2020-12-21,ABNB,ABNB new all time high yeeeee hooooo TOP arrow cowboy hat face fire rocket flexed biceps thumbs up raised fist TOP arrow,0.7976119145751,Bullish,Consumer Discretionary
2020-12-21,ABNB,ABNB I wish I had money to buy another shares This stock will go crazy within the next couple years rocket rocket rocket,0.8332992568612099,Bullish,Consumer Discretionary
2020-12-21,ABNB,ABNB who shorted more around face with tears of joy face with tears of joy face with tears of joy face with tears of joy face with tears of joy face with tears of joy cold face,0.8747358806431293,Bullish,Consumer Discretionary
2020-12-21,ABNB,ABNB This is new TSLA Fer value nearly as Booking stock Love it money mouth face dollar banknote,0.6500884741544724,Bullish,Consumer Discretionary
2020-12-21,ABNB,ABNB bears were so happy when this hit this morning lol just sold at for profit face with tears of joy face with tears of joy,0.4886559098958969,Bullish,Consumer Discretionary
2020-12-21,ABNB,ABNB B in education stimulus news hitting GAXY worth a look for huge upside eyes hundred points trophy,-0.6163556575775146,Bullish,Consumer Discretionary
2020-12-22,ABNB,ABNB is recommended twice on CNBC LOL KEEP DREAMING bears face with tears of joy yen banknote,0.6171021461486816,Bullish,Consumer Discretionary
2020-12-22,ABNB,ABNB this was down pre yesterday Holding tight for now fire,-0.03287966549396515,Bullish,Consumer Discretionary
2020-12-22,ABNB,ABNB Bears be like ImMa wAiT fOr uNdER face with tears of joy,0.831138763576746,Bullish,Consumer Discretionary
2020-12-22,ABNB,ABNB who s blazed asf on their holiday break just watching their Airbnb investment rocket in mesmerization,0.6107490956783295,Bullish,Consumer Discretionary
2020-12-22,ABNB,ABNB time to make BEAR SOUP grinning face,0.8044201210141182,Bullish,Consumer Discretionary
2020-12-22,ABNB,ABNB so many better stocks to short this isn t one flexed biceps medium light skin tone,0.8787486739456654,Bullish,Consumer Discretionary
2020-12-22,ABNB,ABNB can we have a lil pullback so I can add more skull smiling face with sunglasses,0.802559420466423,Bullish,Consumer Discretionary
2020-12-23,ABNB,ABNB you know how many trips people can book on airbnb with a k per person stimulus money bag victory hand medium light skin tone,0.9014638364315033,Bullish,Consumer Discretionary
2020-12-23,ABNB,ABNB With ABnb rentals you avoid common areas like hotel lobbies elevators and most importantly potential spreaders No brainer to me man shrugging,0.8802029453217983,Bullish,Consumer Discretionary
2020-12-23,ABNB,ABNB can we break today money mouth face money mouth face,0.8805797137320042,Bullish,Consumer Discretionary
2020-12-23,ABNB,ABNB so I can add more smiling face with sunglasses,0.831225760281086,Bullish,Consumer Discretionary
2020-12-23,ABNB,ABNB ATTENTION SHORTS This won t end well for you rolling on the floor laughing,0.17029759287834167,Bullish,Consumer Discretionary
2020-12-25,ABNB,ABNB Overvalued Don t touch this what is it currently x revenue thumbs down Great company traditional IPO screwed retail,0.4576405920088291,Bearish,Consumer Discretionary
2020-12-24,ABNB,ABNB this stock is so toots haha Get back in at s ferdaaaa Smell ya there bulls disguised face disguised face,0.823603268712759,Bearish,Consumer Discretionary
2020-12-28,ABNB,ABNB No words face without mouth it s overpriced as h I wouldn t touch it over NO WAY exploding head,0.8372192084789276,Bearish,Consumer Discretionary
2020-12-29,ABNB,ABNB can t you see Can t you see What that woman been doin to me Yeah money with wings clinking beer mugs,0.8432630449533463,Bullish,Consumer Discretionary
2020-12-30,ABNB,ABNB WISH newly IPO d massive discount Price Target by end of January Biggest online Dollar Store with targeted focus on mid range customer net worth rocket rocket,0.40321558713912964,Bullish,Consumer Discretionary
2020-12-31,ABNB,ABNB sugar daddy puts Don t mind me I m just feeding the trolls smiling face with smiling eyes,0.7846612334251404,Bearish,Consumer Discretionary
2020-12-31,ABNB,ABNB Be a bag holder you get great muscle tone When lockup expires this will dive fast Debt and insider salaries will keep this in negative Ebitba for several years part alternation mark thumbs down dark skin tone eyes pile of poo,0.3277871087193489,Bearish,Consumer Discretionary
