date,ticker,text,sentiment,original_sentiment,industry
2020-08-08,BRK.A,BRK A I m so happy I bought this in the s at a share in still holding my shares long smirking face,0.2272779643535614,Bullish,Financials
2020-08-08,BRK.A,BRK A waiting to buy the dip My support is at victory hand medium skin tone,0.72818723320961,Bullish,Financials
2020-08-20,BRK.A,BRK A Let me begin this by saying Warren Buffett is one of my idols but Berkshire s portfolio is not MY portfolio meaning I m not about join the herd See Y all At The Top hundred points,0.8816914521157742,Bearish,Financials
2020-11-07,BRK.A,BRK A be honest does anyone on this app own this stock face with tears of joy if so how many and can I borrow a few thousand,0.8292331993579865,Bullish,Financials
2020-11-07,BRK.A,BRK A my k shares i bought on Oct looking real good right now folded hands light skin tone,0.09290742874145508,Bullish,Financials
2020-11-17,BRK.A,BRK A Love watching this take off Sorry about all my past complaints Warren face with tears of joy,0.6130074933171272,Bullish,Financials
