date,ticker,text,sentiment,original_sentiment,industry
2020-01-16,JNJ,JNJ was a bit overextended intraday as a base and eod would be red heart,0.015922747552394867,Bullish,Health Care
2020-01-21,JNJ,JNJ got big hopes for earnings tm folded hands light skin tone folded hands light skin tone,0.8396838530898094,Bullish,Health Care
2020-01-22,JNJ,JNJ totally insane day here Could really turn green grinning face,0.5613850802183151,Bullish,Health Care
2020-01-29,JNJ,JNJ Weekly Call buyer of them eyes,0.9105971530079842,Bullish,Health Care
2020-02-28,JNJ,JNJ you should invest in companies who sell hygiene products now like disinfectant and stuff like that face with tears of joy,0.8653458878397942,Bearish,Health Care
2020-03-06,JNJ,JNJ my boy never lost faith grinning face with sweat,0.7894557267427444,Bullish,Health Care
2020-03-27,JNJ,JNJ no other place I d rather be soon thumbs up,0.8263503797352314,Bullish,Health Care
2020-03-30,JNJ,JNJ I thought this would explode today disappointed face,0.06574327126145363,Bullish,Health Care
2020-03-31,JNJ,JNJ open thinking face still would be a great value buy with the dividend,-0.4897695779800415,Bullish,Health Care
2020-03-31,JNJ,JNJ make your decision up bouncing around all over the place face with tears of joy,0.8174452260136604,Bullish,Health Care
2020-03-31,JNJ,JNJ one of the only confident buys out there slightly smiling face call me hand,0.7785994485020638,Bullish,Health Care
2020-04-16,JNJ,JNJ I wish I added more at range neutral face,0.6884243488311768,Bullish,Health Care
2020-04-17,JNJ,JNJ Wanna see today smirking face smirking face,0.7382364422082901,Bullish,Health Care
2020-04-23,JNJ,JNJ how crazy to see this hit I m dreaming but still face with tears of joy,0.72946597635746,Bullish,Health Care
2020-04-23,JNJ,JNJ what s going on here this week eyes,0.8429511934518814,Bullish,Health Care
2020-05-09,JNJ,JNJ If you have time don t forget to evaluate microbe microbe LCTX red heart red heart,0.862054854631424,Bullish,Health Care
2020-05-12,JNJ,JNJ always a little Head n Shoulders rolling on the floor laughing,0.3887469731271267,Bullish,Health Care
2020-05-28,JNJ,JNJ nice nice Sold my calls a bit too early still a very decent return in just days smiling face with halo,-0.3830445408821106,Bullish,Health Care
2020-05-29,JNJ,JNJ powerhouse thumbs up medium light skin tone I read JNJ gonna start manufacturing sanitary wipes anyone else see that,0.8092105016112328,Bullish,Health Care
2020-06-11,JNJ,JNJ definitely gonna pick up some of these calls police car light police car light police car light money bag money mouth face,0.879974965006113,Bullish,Health Care
2020-06-25,JNJ,JNJ getting sued for BILLION exploding head,0.045092545449733734,Bearish,Health Care
2020-07-01,JNJ,JNJ bought in pre market at decided not to wait looks like that worked well for now at least bank dollar banknote money with wings money bag money mouth face,0.7458586692810059,Bullish,Health Care
2020-07-09,JNJ,JNJ Can you see the big picture Patience collision money bag money bag money bag money bag money bag,0.8877990264445543,Bullish,Health Care
2020-07-15,JNJ,JNJ looking at the Dow future we could even see today All set for tomorrow s ER flexed biceps thumbs up good luck my long felllows,-0.08078175783157349,Bullish,Health Care
2020-07-15,JNJ,JNJ I mean lol how can you bet against THE big pharma face with tears of joy,0.884158119559288,Bullish,Health Care
2020-07-16,JNJ,JNJ folded hands folded hands folded hands folded hands folded hands folded hands a ridiculously tall candle to no gap please Vaccine trial news will get the market wild Let the FOMO begins,0.610502690076828,Bullish,Health Care
2020-07-16,JNJ,JNJ A premarket move face with medical mask day better be better,0.6446880996227264,Bullish,Health Care
2020-07-17,JNJ,JNJ More FACTS company been around to almost century they don t get random statements out Already seeking pre order buys from Many countries and Bill Gate foundation who donates to third world countries thumbs up medium skin tone,0.8109752163290977,Bullish,Health Care
2020-07-31,JNJ,JNJ different approach and promising vacine where many other trials are failing on phase Here s is Johnson and Johnson coming from the back and maybe doing a check mate flexed biceps fire fire fire Johnson Johnson NYSE JNJ has gained some ground in the coronavirus vaccine race On Thursday the pharmaceutical and consumer goods company announced that in pre clinical studies its Ad COV S vaccine candidate had demonstrated effectiveness in protecting on non human primates from infection with SARS CoV In contrast to other coronavirus vaccine candidates such as the one many observers view as the most promising Moderna s mRNA Johnson Johnson s produced its response with a single dose,-0.8924147114157677,Bullish,Health Care
2020-08-05,JNJ,JNJ On News newspaper Now J and J will start offering a test to many i The States This news newspaper might effect price,0.7330600023269653,Bullish,Health Care
2020-08-05,JNJ,JNJ Not a trump fan But if he gonna put money in my pocket then thank you very much money bag money mouth face,0.7848927229642868,Bullish,Health Care
2020-08-06,JNJ,JNJ BILLION in the bag backpack this will gap up tomorrow Olrayyyt Looks like my options will be in the money bag yoyoyoyo,0.8010348230600357,Bullish,Health Care
2020-08-13,JNJ,JNJ TO SUPPLY EU WITH M VACCINE very bullish backhand index pointing up backhand index pointing up backhand index pointing up,-0.8728145807981491,Bullish,Health Care
2020-08-18,JNJ,JNJ dudes got some big ole shoulders and I have too much time on my hands man shrugging,0.5292595028877258,Bullish,Health Care
2020-08-21,JNJ,JNJ averaged up on my c s woman running dashing away,-0.827596053481102,Bullish,Health Care
2020-09-23,JNJ,JNJ trump pump tonight let s get it rocket United States United States United States MERICA,0.80760408192873,Bullish,Health Care
2020-09-25,JNJ,JNJ got in at the dividend just keeps on rising excited on the potential profit of a covid vaccine and extremely stable household items likely a lifetime hold fire,-0.8931910134851933,Bullish,Health Care
2020-09-30,JNJ,JNJ jnj is the safe covid play with a rock solid dividend grinning squinting face grinning face with big eyes star,0.795246846973896,Bullish,Health Care
2020-09-30,JNJ,JNJ jnj looking good for a breakout to the upper s area grinning squinting face grinning cat face blowing a kiss,0.33947405219078064,Bullish,Health Care
2020-09-30,JNJ,JNJ we opening high tomorrow and ima sell my October nd call face with tears of joy face with tears of joy face with tears of joy face with tears of joy,0.7424942776560783,Bullish,Health Care
2020-10-01,JNJ,Cup and handle on JNJ m eyes,0.8965088725090027,Bullish,Health Care
2020-10-08,JNJ,JNJ Yall realize that when Trump talks about a vaccine he always says Johnson Johnson first and that they are in the final stages Seems like he s very high on a vaccine from J J and imo it is just a matter of time before he announces a vaccine from J J chart increasing,0.8465399742126465,Bullish,Health Care
2020-10-08,JNJ,JNJ not to late for I am loading will sell when or higher rolling on the floor laughing winking face with tongue,0.8362083733081818,Bullish,Health Care
2020-10-09,JNJ,JNJ jnj breaking out in an uptrend retest of on the way Breakthrough it and we head for grinning face with big eyes zany face beaming face with smiling eyes grinning cat,0.37554675340652466,Bullish,Health Care
2020-10-13,JNJ,JNJ lol I just got shares as a wedding gift losing money already rolling on the floor laughing,0.622331790626049,Bullish,Health Care
2020-10-13,JNJ,JNJ jnj covid vaccine is not for profit ironic but I think the stock will be up tomorrow earnings will be the focus in the morning grinning cat beaming face with smiling eyes zany face,0.5601513683795929,Bullish,Health Care
2020-10-13,JNJ,JNJ people thinking this will be an easy short are going to get rekt This is a large cap about to report phenomenal earnings rocket,-0.08421355485916138,Bullish,Health Care
2020-10-13,JNJ,JNJ For those with the cash dollar banknote it s a buying opportunity,0.8106044828891754,Bullish,Health Care
2020-10-14,JNJ,JNJ down down down this stock will go see y all at tomorrow morning crossed fingers medium light skin tone,0.8225951492786407,Bearish,Health Care
2020-10-15,JNJ,JNJ told y all in the red it was gonna open during premarket see y all at at some point snowflake nazar amulet,0.8893084898591042,Bearish,Health Care
2020-10-23,JNJ,JNJ you heard it The first company out of his mouth for a vaccine rocket tomorrow,0.8280967175960541,Bullish,Health Care
2020-10-23,JNJ,JNJ call asking thoughts rocket from what the big man was hinting tonight J J might be the vaccine winner,0.7540691718459129,Bullish,Health Care
2020-11-06,JNJ,JNJ June calls are lookin nice rn money mouth face money mouth face money mouth face,0.8640382066369057,Bullish,Health Care
2020-11-10,JNJ,JNJ JNJ ran right through the day sma today if we see continuation this week expect to see a run to the mid s again thumbs up money bag grinning cat with smiling eyes,0.7023530006408691,Bullish,Health Care
2020-11-10,JNJ,JNJ let s pump this mothatrucka to money mouth face money mouth face vaccine is right around the corner and better believe these guys are gonna be helping distribute and sell product regardless of who develops the vaccine,0.6319255977869034,Bullish,Health Care
2020-12-01,JNJ,JNJ let us bulls see today folded hands light skin tone,0.8068770244717598,Bullish,Health Care
2020-12-01,JNJ,JNJ picked up C for Holding for swing play by January bullseye,-0.5647154748439789,Bullish,Health Care
2020-12-02,JNJ,JNJ next Monday Vaccine news folded hands light bulb rocket,0.8704266399145126,Bullish,Health Care
2020-12-02,JNJ,JNJ see you in the s soon Christmas tree Santa Claus medium skin tone yen banknote police car light police car light hundred points hundred points,0.8678307794034481,Bullish,Health Care
2020-12-03,JNJ,JNJ Lets break today and not look back victory hand light skin tone,0.7918150052428246,Bullish,Health Care
2020-12-03,JNJ,JNJ jnj is up next step aside moderna in a few days you guys will thank me smiling face,-0.05874207615852356,Bullish,Health Care
2020-12-03,JNJ,JNJ added feb calls today grimacing face,0.028044115751981735,Bullish,Health Care
2020-12-03,JNJ,Go JNJ I have swing position since last week check mark,0.038644105195999146,Bullish,Health Care
2020-12-04,JNJ,JNJ buy calls before the bell Seem like Monday vaccine syringe news been coming out phase done,0.6463451832532883,Bullish,Health Care
2020-12-09,JNJ,JNJ Closer and closer to ath Lets break today chart increasing,-0.34963107109069824,Bullish,Health Care
2020-12-10,JNJ,JNJ holding since last week PT at around bullseye check mark button check mark,0.5819059759378433,Bullish,Health Care
2020-12-09,JNJ,JNJ the only green in my portfolio today hot face,0.6887873709201813,Bullish,Health Care
2020-12-10,JNJ,JNJ So glad I grabbed of these at Will we break on vaccine news if so ill be selling out quick gains rocket,0.053914815187454224,Bullish,Health Care
2020-12-18,JNJ,JNJ single dose vaccine no freezing temperatures storage needed this will be a huge success thumbs up light skin tone thumbs up light skin tone thumbs up light skin tone,0.7495100721716881,Bullish,Health Care
2020-12-18,JNJ,JNJ FUCKIN CALLS PRINT ALREADY EPIC STREAK Check ALL MY TRADE light bulb s to PROVE IT Kept a runner for next weeeeek,0.32533368468284607,Bullish,Health Care
2020-12-18,JNJ,JNJ rolling on the floor laughing rolling on the floor laughing should ve bought more My contracts are up,0.5329806506633759,Bullish,Health Care
2020-12-29,JNJ,JNJ we need the shot vaccine from JNJ asap syringe,0.46140918135643005,Bullish,Health Care
2020-12-30,JNJ,JNJ We need the shot vaccine from Johnson asap syringe rocket syringe rocket syringe rocket,0.42377862334251404,Bullish,Health Care
2020-12-30,JNJ,JNJ what a nice year end here smiling face with sunglasses,0.22289559245109558,Bullish,Health Care
2020-12-31,JNJ,JNJ break out is coming green circle green circle green circle green circle green circle volcano volcano volcano volcano volcano volcano thumbs up,0.856096725910902,Bullish,Health Care
