date,ticker,text,sentiment,original_sentiment,industry
2020-01-31,KO,KO look at V beautiful uptrend coming Volume is right ER is right Upgrade is right and the music is right musical notes musical notes musical notes,0.8163042962551117,Bullish,Consumer Staples
2020-01-31,KO,KO Ko news is out we getting a upgrade rocket rocket rocket rocket,0.6121519804000854,Bullish,Consumer Staples
2020-02-04,KO,KO To the moon BULLS To infinity and beyonddddd money mouth face money mouth face grinning face with smiling eyes rocket rocket,0.8780125416815281,Bullish,Consumer Staples
2020-03-25,KO,KO anyone else fill sub smiling face with sunglasses,0.7918368056416512,Bullish,Consumer Staples
2020-04-09,KO,KO coke really ko ed the bears today face with tears of joy,0.05993211269378662,Bullish,Consumer Staples
2020-04-30,KO,KO Diversification may preserve wealth but concentration builds wealth goat,0.712530642747879,Bullish,Consumer Staples
2020-04-29,KO,KO Death cross on the minute thumbs down,0.795621819794178,Bearish,Consumer Staples
2020-05-13,KO,KO So glad I didn t get into this grinning face with smiling eyes grinning face with smiling eyes,0.7809748575091362,Bearish,Consumer Staples
2020-05-20,KO,KO once sports basketball american football baseball returns this will really move,0.8499644473195076,Bullish,Consumer Staples
2020-05-22,KO,KO Another wave of the rona it s a wrap face with tears of joy rolling on the floor laughing rolling on the floor laughing,0.7641229405999184,Bearish,Consumer Staples
2020-05-27,KO,KO ya y all strong until another wave come through face with tears of joy Congrats bulls tho,-0.27624231576919556,Bullish,Consumer Staples
2020-06-02,KO,KO Ok this is where it happens face with tears of joy face with tears of joy rolling on the floor laughing,0.8380623757839203,Bearish,Consumer Staples
2020-06-02,KO,KO You just know that this will eventually reach new ATH s No worries here I got all the time thumbs up,0.6230071038007736,Bullish,Consumer Staples
2020-06-05,KO,KO grabbed more to hold around money bag,0.5478299707174301,Bullish,Consumer Staples
2020-06-30,KO,KO Sitting here drinking a coke and something tastes like winning money mouth face money mouth face rocket,0.8841450735926628,Bullish,Consumer Staples
2020-07-11,KO,KO cup with straw cup with straw Going up regardless but with Pepsi Cola earnings on Monday it should shoot it up rocket since its the same sector hundred points,-0.42609915137290955,Bullish,Consumer Staples
2020-07-15,KO,KO Got my space suit on see you folks on the other side man astronaut,0.7895051017403603,Bullish,Consumer Staples
2020-07-14,KO,KO slightly smiling face face savoring food drooling face Looks like we hit today Let go over Come on,0.7135022431612015,Bullish,Consumer Staples
2020-07-14,KO,KO bought a six pack before earnings drooling face face savoring food,0.3684316575527191,Bullish,Consumer Staples
2020-07-15,KO,KO buy signal triggered chart increasing very soon money mouth face money mouth face,0.6991685777902603,Bullish,Consumer Staples
2020-07-22,KO,would love to see KO above this summer folded hands,0.6078891456127167,Bullish,Consumer Staples
2020-07-22,KO,KO blast off has been initiated raising hands,0.6174979209899902,Bullish,Consumer Staples
2020-08-19,KO,KO nothing to be afraid of Solid q dividends BUY MORE money mouth face,0.7745172679424286,Bullish,Consumer Staples
2020-08-28,KO,KO I am in Lets go collision rocket money bag,0.7786741703748703,Bullish,Consumer Staples
2020-08-28,KO,KO dropping bucks here and there becomes really hard once you realize what the same can do in the market woozy face,0.5768368430435658,Bullish,Consumer Staples
2020-08-28,KO,KO I only own this because Warren Buffett has it Pretty sure of the people here are the same Who s gonna get honest with me I don t judge face with tears of joy,0.8354004621505737,Bullish,Consumer Staples
2020-09-01,KO,KO You mean one month ago neutral face,0.810395210981369,Bearish,Consumer Staples
2020-09-22,KO,KO She also love soda idk anymore bear,0.8890156894922256,Bearish,Consumer Staples
2020-10-13,KO,KO added c for next week earnings avg see if I can break even at and more thinking face,0.7005429118871689,Bullish,Consumer Staples
2020-10-21,KO,KO Giving traders another chance to get in dollar banknote dollar banknote,0.476419061422348,Bullish,Consumer Staples
2020-10-22,KO,KO Headed into winter down sizing brands and other ventures I m out for now victory hand,0.7820348739624023,Bearish,Consumer Staples
2020-10-23,KO,KO hundred points manipulated by MM s face with symbols on mouth My options are screwed but I still have my shares,0.7086348086595535,Bullish,Consumer Staples
2020-10-23,KO,KO Let s make it today smiling face with horns smiling face with horns dollar banknote dollar banknote,0.7982697635889053,Bullish,Consumer Staples
2020-11-03,KO,No matter who wins tonight KO is winning either way Save bet to make good money cup with straw,0.5230351090431213,Bullish,Consumer Staples
2020-11-10,KO,KO shares with an average price at money mouth face chart increasing,0.8991875424981117,Bullish,Consumer Staples
2020-12-16,KO,KO just received my first pay out pleading face,0.48652829229831696,Bullish,Consumer Staples
2020-12-18,KO,KO ayee bought a whole bunch more around red heart red heart red heart red heart red heart,0.8055327162146568,Bullish,Consumer Staples
