date,ticker,text,sentiment,original_sentiment,industry
2020-01-02,MCD,MCD I won t be on the journey with you but I wish you all the mcnuggets smiling face with hearts,0.8534519001841545,Bullish,Consumer Discretionary
2020-01-02,MCD,MCD One trading day late I ll take that face with tears of joy,0.770724356174469,Bullish,Consumer Discretionary
2020-01-07,MCD,MCD didnt they say this was recession proof thinking face still have yet to hear how the beyond burger did as well,0.7406825236976147,Bullish,Consumer Discretionary
2020-01-08,MCD,MCD um yes I would like a large with coke and apple pies and for your stock price to rise to very quickly hold all gains grinning squinting face,-0.404161274433136,Bullish,Consumer Discretionary
2020-01-08,MCD,MCD Nailed calls gain on this one flexed biceps medium light skin tone fire,0.10985350608825684,Bullish,Consumer Discretionary
2020-01-09,MCD,MCD bought at looks good to me Stock is great but food will kill you rolling on the floor laughing,0.5716925412416458,Bullish,Consumer Discretionary
2020-01-09,MCD,MCD if this hits by eow I will purchase a Big Mac meal to further my support nerd face,0.04108041524887085,Bullish,Consumer Discretionary
2020-01-09,MCD,MCD sold my s for a Big Mac flexed biceps flexed biceps flexed biceps flexed biceps,0.6988300234079361,Bullish,Consumer Discretionary
2020-01-15,MCD,MCD sold Holding a lot more money bag,0.5453721880912781,Bullish,Consumer Discretionary
2020-01-15,MCD,MCD sold Closed out No more position money bag,0.43349194526672363,Bullish,Consumer Discretionary
2020-01-16,MCD,MCD infinity HOLD your children s children s children baby,0.8973854221403599,Bullish,Consumer Discretionary
2020-01-17,MCD,MCD better get ready for some amazing earnings calls grinning face with big eyes,0.7618003189563751,Bullish,Consumer Discretionary
2020-01-28,MCD,MCD going to pray this beats folded hands light skin tone,0.7950549721717834,Bullish,Consumer Discretionary
2020-01-29,MCD,MCD I ll have another mc muffin winking face,0.7953743413090706,Bullish,Consumer Discretionary
2020-01-29,MCD,MCD robots are good cashiers Who knew rolling on the floor laughing,0.8358674570918083,Bullish,Consumer Discretionary
2020-01-29,MCD,MCD Mickey s is such a gem Glad I added a couple months ago when this baby was wayyy down rocket rocket rocket,0.7955736517906189,Bullish,Consumer Discretionary
2020-01-31,MCD,MCD Moment it touch going to MC Donald s to celebrate winking face,0.871910821646452,Bullish,Consumer Discretionary
2020-01-31,MCD,MCD my condolences to those holding over the weekend face with medical mask,0.7100555375218391,Bearish,Consumer Discretionary
2020-01-31,MCD,MCD Are they not going to update the market on their China store closure situation zipper mouth face zipper mouth face zipper mouth face face with medical mask face with medical mask face with medical mask mcdonalds coronavirus,0.6987112648785114,Bearish,Consumer Discretionary
2020-02-06,MCD,MCD of revenue comes from locations in China This will see sub sooner rather than later Last Q was a mediocre report without headwinds x PE needs growth not challenges BTW I m bearish winking face with tongue,0.4217744767665863,Bearish,Consumer Discretionary
2020-02-11,MCD,MCD I just like the fries green heart star struck,0.8228268027305603,Bullish,Consumer Discretionary
2020-02-12,MCD,MCD I be smell n me some greasy fries french fries,0.8646208047866821,Bullish,Consumer Discretionary
2020-02-12,MCD,MCD Next Resistance four leaf clover March th Calls only for handshake,0.9106691852211952,Bullish,Consumer Discretionary
2020-02-26,MCD,MCD cuza rice cake supply chain broken sneezing face,0.11163754388689995,Bearish,Consumer Discretionary
2020-02-28,MCD,MCD dunno why its down dollars I bailed a few wks back Earned back all the Happy meals i purchased o yrs rearing gremlins money bag french fries Ill buy back later,0.6847385466098785,Bearish,Consumer Discretionary
2020-02-28,MCD,MCD Sing Ive got plenty of nuthin musical notes Porgy Bess soon if you hold here,0.7414633929729462,Bearish,Consumer Discretionary
2020-02-29,MCD,MCD what happened to all the a share peoples lol face with tears of joy,0.3313756361603737,Bearish,Consumer Discretionary
2020-03-13,MCD,MCD nobody literally nobody Bulls We gonna eat at McDonalds face with tears of joy face with tears of joy face with tears of joy,0.858225129544735,Bearish,Consumer Discretionary
2020-03-18,MCD,MCD think thinking face and remember my words Market will go down more every day till we have cure or everyone is back to work Until then I highly suggest that you sell everything and hold your cash,0.29105737432837486,Bearish,Consumer Discretionary
2020-03-26,MCD,MCD China goes back to normal McDonald s opens its doors face with tears of joy,0.5747184455394745,Bullish,Consumer Discretionary
2020-04-06,MCD,MCD not complaining about my adds at thumbs up medium skin tone,0.7443623691797256,Bullish,Consumer Discretionary
2020-04-08,MCD,MCD this makes sense Everything is ok loudly crying face face with tears of joy,0.7206180170178413,Bearish,Consumer Discretionary
2020-04-16,MCD,MCD thanks for the s today face with tears of joy face with tears of joy,0.4698483347892761,Bullish,Consumer Discretionary
2020-04-29,MCD,MCD Great lockdown stock went to McDonald s drive thru a few dozen times flexed biceps rocket beaming face with smiling eyes Strong sales continuation with comp increase,-0.6787004768848419,Bullish,Consumer Discretionary
2020-05-08,MCD,MCD buy the dip we going to rocket,0.7737304866313934,Bullish,Consumer Discretionary
2020-05-08,MCD,MCD Looking for an entry Monday morning dollar banknote hamburger french fries,0.8560577370226383,Bullish,Consumer Discretionary
2020-05-12,MCD,MCD have you seen how a McDonald s fries and burger can last years and not decay Like WTF nauseated face Even a building made out of bricks and metal decays after years We need to do better now that we know better for us and our children,0.7516660392284393,Bearish,Consumer Discretionary
2020-05-13,MCD,MCD Please don t bounce from here crossed fingers,0.716745313256979,Bearish,Consumer Discretionary
2020-05-14,MCD,MCD hope you guys taking advantage of those puts GL the rest of the day don t be greedy know when to go bullish raising hands light skin tone flexed biceps light skin tone,0.8464517071843147,Bearish,Consumer Discretionary
2020-06-04,MCD,MCD let go for mic chicken smiling face with open hands folded hands,0.6500278860330582,Bullish,Consumer Discretionary
2020-06-09,MCD,MCD Current position shares with cost avg of Holding for I hope We ll see GLTA thumbs up,-0.6692585349082947,Bullish,Consumer Discretionary
2020-06-17,MCD,MCD CEO was on Cramer hyping up his company rocket tomorrows gonna be huge,0.8610048182308674,Bullish,Consumer Discretionary
2020-07-23,MCD,MCD Our senior traders are calling some fire Big gains in no time,-0.5819179862737656,Bullish,Consumer Discretionary
2020-07-28,MCD,MCD Your good entry for next half BTD rocket flexed biceps thumbs up face with hand over mouth,0.22939682006835938,Bullish,Consumer Discretionary
2020-08-13,MCD,MCD Are we still waiting for the Travis Scott collab news rocket,0.8921210318803787,Bullish,Consumer Discretionary
2020-08-12,MCD,MCD calls about to start printing on this one money mouth face,0.887601088732481,Bullish,Consumer Discretionary
2020-08-14,MCD,MCD analyst price target is per share money bag hundred points,0.9073627553880215,Bullish,Consumer Discretionary
2020-08-25,MCD,MCD locked gain scalp buying some Big Macs tonight,-0.5865218043327332,Bullish,Consumer Discretionary
2020-09-09,MCD,MCD calls with a expiration look good I m in money bag,0.6782056540250778,Bullish,Consumer Discretionary
2020-09-09,MCD,MCD bye bye partying face TRAVIS SCOTT is the GOAT,0.8502867892384529,Bullish,Consumer Discretionary
2020-09-10,MCD,MCD haven t seen employee wearing it lol now we know why rolling on the floor laughing chart increasing chart increasing,0.810347780585289,Bullish,Consumer Discretionary
2020-09-11,MCD,MCD Travis Scott releases a second merch drop after the first one completely sold out fire,0.11615481227636337,Bullish,Consumer Discretionary
2020-09-16,MCD,MCD running out of meat Tried to tell people this would happen rolling on the floor laughing chart increasing,0.5966359525918961,Bullish,Consumer Discretionary
2020-09-17,MCD,MCD let me get in on another ride from to next week smiling face with horns,0.7062536478042603,Bullish,Consumer Discretionary
2020-09-25,MCD,MCD what a day c payed big beaming face with smiling eyes rocket,0.4293275773525238,Bullish,Consumer Discretionary
2020-10-07,MCD,MCD i will add more at beaming face with smiling eyes beaming face with smiling eyes,0.8653508648276329,Bearish,Consumer Discretionary
2020-10-08,MCD,MCD gonna celebrate today with pc nuggets and fries smiling face with sunglasses clinking beer mugs,0.5804218053817749,Bullish,Consumer Discretionary
2020-10-13,MCD,MCD let s beak that all time high Time to fly airplane,0.7490784749388695,Bullish,Consumer Discretionary
2020-10-14,MCD,MCD rsi leaves plenty of room for a run just need support from overall market New time highs smiling face with heart eyes,0.47567084431648254,Bullish,Consumer Discretionary
2020-10-15,MCD,MCD cents new time high let s go baby airplane volcano hamburger,0.7972581461071968,Bullish,Consumer Discretionary
2020-10-16,MCD,MCD currently oversold I d get in on C for money bag,0.5352831035852432,Bullish,Consumer Discretionary
2020-10-24,MCD,MCD short it into earnings the Travis Scott sales boon is gone calling a Big Mac a j balvin burger is not going to get Hispanics to eat it like Travis Scott will get young white kids to rolling on the floor laughing,0.8241118043661118,Bearish,Consumer Discretionary
2020-11-06,MCD,MCD what about them spicy nuggets tho grinning face with big eyes MCD share by,0.8674847334623337,Bullish,Consumer Discretionary
2020-11-11,MCD,MCD I don t think I m gonna get an opportunity to buy more under a dollar man shrugging medium skin tone,0.6321327537298203,Bullish,Consumer Discretionary
2020-11-11,MCD,MCD looking strong Who knew that a big mac has so much protein smirking face,0.6904105395078659,Bullish,Consumer Discretionary
2020-11-11,MCD,MCD smell above soon hamburger,0.6386410146951675,Bullish,Consumer Discretionary
2020-11-17,MCD,MCD calls about to print telephone receiver,0.9069771338254213,Bullish,Consumer Discretionary
2020-11-24,MCD,MCD can we go up now that we ve had the daily hour drag down face with rolling eyes,-0.0006616711616516113,Bullish,Consumer Discretionary
2020-12-15,MCD,MCD Big Macs on me today hamburger,0.3079376220703125,Bullish,Consumer Discretionary
2020-12-29,MCD,MCD the Big breakfast is a Great deal buy now while I own grinning squinting face,0.5950045734643936,Bullish,Consumer Discretionary
