date,ticker,text,sentiment,original_sentiment,industry
2020-01-14,NKE,NKE PT Experts Anyone winking face,0.8289696536958218,Bullish,Consumer Discretionary
2020-01-29,NKE,NKE News is out WE GETTING A UPGRADE FOR KOBE rocket rocket,-0.687576949596405,Bullish,Consumer Discretionary
2020-01-29,NKE,NKE let s pump it for kobe folded hands,0.8210058286786079,Bullish,Consumer Discretionary
2020-02-03,NKE,NKE swing long Just do it chart increasing,0.8830842487514019,Bullish,Consumer Discretionary
2020-02-04,NKE,NKE fire fire green circle green circle rocket green circle green circle fire fire rocket rocket Recent upgrades fire fire CEO on CNBC tomorrow Imho coming soooon,0.873856671154499,Bullish,Consumer Discretionary
2020-02-11,NKE,NKE I wanna be like Mike This stocks Got Air backhand index pointing up medium skin tone and a long runway airplane Mama may i have nd s Thx running shoe,0.8363180309534073,Bullish,Consumer Discretionary
2020-02-13,NKE,NKE Imagine how this would ve played out if markets opened green Thanks Nike check mark button is my next target bullseye,0.8787574283778667,Bullish,Consumer Discretionary
2020-02-14,NKE,NKE broke through could we see ATH on a Friday thinking face,0.7533872351050377,Bullish,Consumer Discretionary
2020-02-14,NKE,NKE Strong Recovery Might Even Close Green Swinging for Next Week Price Target Still at And February st Calls only at Reward outweighs the Risk for this one four leaf clover shortcake,-0.6320959478616714,Bullish,Consumer Discretionary
2020-02-21,NKE,NKE if it goes South of I believe it may I m selling going to the beach beach with umbrella,0.874682892113924,Bearish,Consumer Discretionary
2020-03-16,NKE,NKE will go down again tomorrow and the day after gonna save myself and buy in April goodluck face with medical mask,0.7266212701797485,Bearish,Consumer Discretionary
2020-03-19,NKE,NKE is completely yesteryear grinning face with smiling eyes made sportswear hmmm uncomfortable Not in America,0.8812273032963276,Bearish,Consumer Discretionary
2020-03-24,NKE,NKE OMG face screaming in fear they beat Unbelievable Hopefully guidance is good,0.4512363374233246,Bullish,Consumer Discretionary
2020-03-24,NKE,Locked profits confused face The Stimulus Covid deal push back for tomorrow can that be enough to push NKE to Short interest is still low and getting burned fire,0.08809903264045715,Bullish,Consumer Discretionary
2020-03-25,NKE,NKE hope this goes above tomorrow and friday Want to get some puts loaded for the weekend victory hand rolling on the floor laughing ogre money mouth face,0.769577793776989,Bullish,Consumer Discretionary
2020-03-26,NKE,NKE why can t All stocks be this easy thinking face clapping hands clapping hands clapping hands money mouth face,0.8865489065647125,Bullish,Consumer Discretionary
2020-04-16,NKE,NKE gonna wait n own it in the s crossed fingers medium light skin tone,0.8775246702134609,Bearish,Consumer Discretionary
2020-05-13,NKE,NKE face with monocle hmmm heading to the s AH,0.5246211588382721,Bearish,Consumer Discretionary
2020-05-19,NKE,NKE I guess demand for this brand is here red heart This one was an easy one and all charted for you Hope you banked,0.09277108311653137,Bullish,Consumer Discretionary
2020-05-28,NKE,NKE This Is why I ll always buy Nike stock and buy Nike products Great American company represented by great Americans money mouth face money mouth face money mouth face money mouth face money mouth face money mouth face money mouth face raised fist medium dark skin tone United States United States United States United States United States United States United States United States United States United States United States United States United States United States,0.9172873515635729,Bullish,Consumer Discretionary
2020-05-30,NKE,NKE smell it bears smells like your death skull face with tears of joy,0.8377388194203377,Bullish,Consumer Discretionary
2020-06-23,NKE,NKE yoing face with tears of joy that s a massive jump there,0.4142102897167206,Bullish,Consumer Discretionary
2020-06-24,NKE,NKE all in for upcoming money bag Earnings Report Store lines hours long online sales bet they surpass expectations,-0.4439455270767212,Bullish,Consumer Discretionary
2020-06-24,NKE,NKE panic and sell now ONLY to see it recover flexed biceps,0.17528577893972397,Bullish,Consumer Discretionary
2020-06-24,NKE,NKE did you buy the mother f cking dip Good on you flexed biceps thumbs up face with tears of joy,0.6366443783044815,Bullish,Consumer Discretionary
2020-06-25,NKE,NKE great way to shake out short sellers and puts OK hand This is a classic run up before ER And this is how you can tell ER are more likely to be bad news chart decreasing,0.7581803351640701,Bearish,Consumer Discretionary
2020-06-25,NKE,NKE bullish on Nike but after analyzing all possible outcomes today unfortunately I don t see this beating the expectations here So I bought some jul puts just in case and gave myself a small window there man shrugging light skin tone crossed fingers,0.7058994770050049,Bearish,Consumer Discretionary
2020-06-25,NKE,NKE a lot of money on this let s hope we get and a green day tomorrow so we can spike to s folded hands folded hands,0.46576645970344543,Bullish,Consumer Discretionary
2020-06-25,NKE,NKE come on Just do it woman climbing light skin tone money mouth face,0.8586302660405636,Bullish,Consumer Discretionary
2020-06-25,NKE,NKE sold my soul and bought G on the close hate this co but degenerate gamblers needs action rolling on the floor laughing rolling on the floor laughing rolling on the floor laughing,0.8272704370319843,Bullish,Consumer Discretionary
2020-06-25,NKE,NKE bears calling like that s gonna shake anyone face with tears of joy even if we get that s a top up my friends,0.6953854858875275,Bullish,Consumer Discretionary
2020-06-25,NKE,NKE I actually don t think this will be down tomorrow increase in online sales is an indicator for guidance which should be pretty optimistic If the damage was on the stock BEFORE guidance that s much more muted than I thought thinking face,0.42152443528175354,Bullish,Consumer Discretionary
2020-06-25,NKE,NKE lol calm down bears this is Nike lol a few bucks lost because of a missed target Better sell the shoes your probably wearing beaming face with smiling eyes,0.6913250461220741,Bullish,Consumer Discretionary
2020-06-25,NKE,NKE buy more for LT Dividend money mouth face,0.48609113693237305,Bullish,Consumer Discretionary
2020-06-25,NKE,NKE doing pretty well in this covid era With massive unemployment and quest for human rights This is a properly priced stock Not bloated like many others Good for long term hold flexed biceps face with tears of joy,0.49239590764045715,Bullish,Consumer Discretionary
2020-06-26,NKE,NKE was gonna sell but holding that was a fire Earnings Call Hold tight Online sales up Expense cut back profit is coming The company is postponing perfect for the new retail economy money with wings money with wings money with wings,0.5682151801884174,Bullish,Consumer Discretionary
2020-06-25,NKE,NKE Bulls we are rather quite silent tonight It s terrible to end up at the ruckus bears house party Chin up this is the nature of business Long term we are in good shape flexed biceps face with tears of joy,0.53513203561306,Bullish,Consumer Discretionary
2020-06-26,NKE,NKE I donno if this drops enough to justify bear gang win,0.571135438978672,Bullish,Consumer Discretionary
2020-06-26,NKE,NKE Bulls quietly confident Holding strong on such a red day in the market Good long term play flexed biceps,-0.8159598708152771,Bullish,Consumer Discretionary
2020-07-21,NKE,NKE Let s run this over inflated garbage shoe company into the ground queue up the puts and down she goes face with tears of joy,0.6492238938808441,Bearish,Consumer Discretionary
2020-07-22,NKE,NKE insiders selling Good Outsider Buying grinning face dollar banknote,0.7367655858397484,Bullish,Consumer Discretionary
2020-08-05,NKE,NKE Guys this is a perfect area to buy Near All time highs of The Bottom in the last economic crisis in was Don t worry Covid is just a dream When you wake up it will be all gone exploding head rolling on the floor laughing Risk vs reward people thumbs up,0.7528436556458473,Bearish,Consumer Discretionary
2020-08-05,NKE,NKE Hurry up Bulls buy buy buy Don t let it drop rolling on the floor laughing,0.8612990975379944,Bearish,Consumer Discretionary
2020-08-07,NKE,Alerted NKE yesterday for calls leg went over Alerted on my discord server rocket police car light rocket police car light,0.5292143039405346,Bullish,Consumer Discretionary
2020-08-13,NKE,NKE huuuuge cup and handle you don t wanna miss this I added multiple lottos at and at calls I expect this to close out on the week strong AKA tomorrow running shoe,-0.7983068078756332,Bullish,Consumer Discretionary
2020-08-13,NKE,NKE OH BEARY BEARY BOY Won t you ever learn ox ox ox,0.8518790602684021,Bullish,Consumer Discretionary
2020-08-13,NKE,NKE nice time for me to jump in this rocket rocket rocket money mouth face money mouth face,0.8876696266233921,Bullish,Consumer Discretionary
2020-08-19,NKE,NKE picked up some calls for expiration Price Target raised to Let s go money bag,0.3269609808921814,Bullish,Consumer Discretionary
2020-08-19,NKE,NKE Why didn t I pull the trigger pile of poo,0.7048555575311184,Bullish,Consumer Discretionary
2020-08-19,NKE,NKE I have a call that I would like to see strike grimacing face grimacing face,0.38642894476652145,Bullish,Consumer Discretionary
2020-08-19,NKE,NKE ok so I bought a put on Nike around low ish Nd then I accidentally sold a out and i was first bearish but now I want the stock to the go to the moon new moon face rookies moves,0.801276795566082,Bullish,Consumer Discretionary
2020-09-02,NKE,NKE just buy it check mark check mark check mark another all time high man running woman running person running chequered flag,0.8687497302889824,Bullish,Consumer Discretionary
2020-09-22,NKE,I ll be back after the close for some Facts when NKE reports earnings victory hand,0.8668865486979485,Bearish,Consumer Discretionary
2020-09-22,NKE,NKE money bag bank money bag s on the way,0.7534952908754349,Bullish,Consumer Discretionary
2020-09-22,NKE,NKE exploded on EXCELLENT ER Whos in calls fire fire airplane,0.4894758313894272,Bullish,Consumer Discretionary
2020-09-22,NKE,NKE Nike Q EPS Up From YoY Sales B Beat B Estimate rocket rocket rocket rocket rocket rocket rocket rocket,-0.09949678182601929,Bullish,Consumer Discretionary
2020-09-22,NKE,NKE What a beat Just made me beaucoup de l argent rocket,0.6825483739376068,Bullish,Consumer Discretionary
2020-09-22,NKE,NKE great ER Sports and outdoor stocks are hot Hope the upcoming holiday sales will further boost the growth Next ER will also be great Since holiday sales will add up the revenue Looking tomorrow money bag money bag money bag,-0.7406155988574028,Bullish,Consumer Discretionary
2020-09-22,NKE,NKE could hit s by open GL everyone in calls victory hand clinking beer mugs,0.7512398734688759,Bullish,Consumer Discretionary
2020-09-22,NKE,NKE let s goooo I brought call today money mouth face money mouth face money mouth face money mouth face,0.8750532977283001,Bullish,Consumer Discretionary
2020-09-22,NKE,NKE all those beautiful rising analysts upgrades winking face rocket rocket,0.785503514111042,Bullish,Consumer Discretionary
2020-09-22,NKE,NKE Glad bought more of my calls this morning cheap Looking for the pop to s in the morning smiling face with sunglasses chart increasing chart increasing chart increasing thumbs up,0.6999516934156418,Bullish,Consumer Discretionary
2020-09-22,NKE,NKE Was great to have earnings on a nice green market day Got lucky four leaf clover,-0.521742194890976,Bullish,Consumer Discretionary
2020-09-22,NKE,NKE calls estimating to pay wrapped gift flexed biceps,0.8656919337809086,Bullish,Consumer Discretionary
2020-09-22,NKE,NKE still holding my call grimacing face,0.09596432186663151,Bullish,Consumer Discretionary
2020-09-22,NKE,NKE So it was a beat eyes,0.8016161993145943,Bullish,Consumer Discretionary
2020-09-22,NKE,NKE wasn t this supposed to drop like a bag of rocks once conference call started face with tears of joy rocket full moon face,0.7780216410756111,Bullish,Consumer Discretionary
2020-09-22,NKE,NKE moving faster then an FDA approval way this is going nike CEO on the conf With nothing but more great news extending am targets zones fire fire fire rocket rocket,0.7772774025797844,Bullish,Consumer Discretionary
2020-09-22,NKE,NKE Huge beat AH wow congrats bulls fire fire fire chart increasing,0.6689579039812088,Bullish,Consumer Discretionary
2020-09-22,NKE,NKE who are these people saying there she goes to BEARISH it s up over at that price lmao face with tears of joy,0.7387037426233292,Bullish,Consumer Discretionary
2020-09-22,NKE,NKE kinda curious what my call option will go for tmwr thinking face,0.8718615807592869,Bullish,Consumer Discretionary
2020-09-22,NKE,NKE oh man how much are these calls going to be worth tomorrow grimacing face,0.4464629925787449,Bullish,Consumer Discretionary
2020-09-22,NKE,NKE I want to eyes see before,0.89323341101408,Bullish,Consumer Discretionary
2020-09-23,NKE,NKE Many shorts got obliterated and will have to cover Short Squeeze on the way PT upgrades will be icing on the cake shortcake,0.23110025376081467,Bullish,Consumer Discretionary
2020-09-23,NKE,NKE feels good when your DD pays off smiling face with sunglasses,0.7481108978390694,Bullish,Consumer Discretionary
2020-09-23,NKE,NKE Love nike smiling face with sunglasses black heart for me only purchased NIke while covid hit us Expect more potential to increase sales volume in the future,-0.6859889030456543,Bullish,Consumer Discretionary
2020-09-23,NKE,NKE Buy Buy Buy Upgrades coming in with price targets Expect more on the way Best in class in Sector money bag yen banknote money bag yen banknote,0.21039393544197083,Bullish,Consumer Discretionary
2020-09-23,NKE,NKE Payin yer kids college funds on the daily Can you dig it Congratz to all the bulls and bears let s get out there and make some money bag money mouth face money with wings heavy dollar sign,0.7937287539243698,Bullish,Consumer Discretionary
2020-09-23,NKE,NKE This is running for the next two days rocket,0.9072846416383982,Bullish,Consumer Discretionary
2020-09-23,NKE,NKE purchased strike calls money bag,0.7072107344865799,Bullish,Consumer Discretionary
2020-09-23,NKE,NKE bet you markets tanking cause headlines were all on earnings and Nike and people saw nil drop bucks and think a sell off is coming today face with tears of joy,0.3755638599395752,Bullish,Consumer Discretionary
2020-09-23,NKE,NKE Thanks Nike Just sold my weekly calls for x Gonna be a great day smiling face with sunglasses chart increasing chart increasing chart increasing thumbs up clinking beer mugs,0.8001271560788155,Bullish,Consumer Discretionary
2020-09-23,NKE,NKE all the puts are now storming the board face with tears of joy,0.35028838366270065,Bullish,Consumer Discretionary
2020-09-23,NKE,NKE CNBC pumping this thing up flexed biceps medium skin tone,0.8230017423629761,Bullish,Consumer Discretionary
2020-09-24,NKE,NKE holding to my shares after a profit Market is red shares are lower So what Bears are temporarily winning so I hedge my shares with puts just be careful when it will resume climbing man climbing,0.3479633927345276,Bullish,Consumer Discretionary
2020-09-24,NKE,NKE We have insiders selling million and I think puts will print tomorrow thumbs up,0.8534156158566475,Bearish,Consumer Discretionary
2020-09-24,NKE,NKE what a struggle here Still holding p going for max pain here up so far chart increasing chart decreasing,0.051367223262786865,Bearish,Consumer Discretionary
2020-09-24,NKE,NKE O Neill sold also on the th and the rd then sp dropped for the next days Looks like she always sells on the peaks too Smh woozy face,0.7972938120365143,Bearish,Consumer Discretionary
2020-09-25,NKE,NKE you think that insider sell was a coincidence yesterday shushing face,0.7818547524511814,Bearish,Consumer Discretionary
2020-09-25,NKE,NKE I m ready for you to bleed more yawning face,0.7303788214921951,Bearish,Consumer Discretionary
2020-09-25,NKE,NKE your wife is not gonna be happy with the calls you bought man facepalming medium light skin tone,0.7369148917496204,Bearish,Consumer Discretionary
2020-09-25,NKE,NKE you BETTER get out before weekend and this tanks ppl man shrugging light skin tone cloud with snow,0.770741879940033,Bearish,Consumer Discretionary
2020-09-25,NKE,NKE now this what i like to see star struck,0.8464273884892464,Bearish,Consumer Discretionary
2020-09-25,NKE,NKE this about to drop like nauseated face nauseated face nauseated face,0.12360142357647419,Bearish,Consumer Discretionary
2020-09-25,NKE,NKE important insider selling going on Yup this is going below next week smiling face with horns,0.7759255021810532,Bearish,Consumer Discretionary
2020-10-06,NKE,NKE oh wow I didn t think this would see again before the th grimacing face clapping hands medium dark skin tone,0.5787795856595039,Bullish,Consumer Discretionary
2020-10-21,NKE,NKE wowww just broke the resistance clapping hands,0.4498336613178253,Bullish,Consumer Discretionary
2020-11-20,NKE,NKE You can t say I was off technically man shrugging light skin tone,0.689540222287178,Bullish,Consumer Discretionary
2020-11-20,NKE,NKE in shares long on side to double position for dip lets run chart increasing chart increasing this is coiled rdy to go,-0.5067101120948792,Bullish,Consumer Discretionary
2020-12-04,NKE,NKE nd week in a row I try to get in the Nike store at the premium outlets Black Friday bein the st but the lineup was just too long longest of all the stores This company is a beast Still want that hoodie sweats face with tears of joy,0.7832956798374653,Bullish,Consumer Discretionary
2020-12-16,NKE,NKE looking forward to these AIR MINimum s dropping Friday s ER The re sell value on stock x is going to be insane check mark money bag drooling face,0.2905803360044956,Bullish,Consumer Discretionary
2020-12-16,NKE,NKE got some calls for jan th Lets go clinking beer mugs,0.6645104885101318,Bullish,Consumer Discretionary
2020-12-16,NKE,NKE just going to keep adding longs at exp as long as this fire sale keeps going on fire,0.7652209475636482,Bullish,Consumer Discretionary
2020-12-16,NKE,NKE Piper Sandler also issued estimates for NIKE s FY earnings at EPS Q earnings at EPS and Q earnings at EPS smiling face with sunglasses fire chart increasing thumbs up,0.21050748229026794,Bullish,Consumer Discretionary
2020-12-17,NKE,NKE Can you smell that earnings beat smiling face with sunglasses beaming face with smiling eyes running shoe chart increasing fire thumbs up,0.864126518368721,Bullish,Consumer Discretionary
2020-12-17,NKE,NKE s were at this point They are now check mark check mark check mark s were they hit today check mark check mark check mark,0.877400441095233,Bullish,Consumer Discretionary
2020-12-17,NKE,NKE tomorrow chart increasing chart increasing smiling face with horns come on bulls let s do it,0.8098010420799255,Bullish,Consumer Discretionary
2020-12-18,NKE,NKE EPS this quarter All that Black Friday Cyber Monday shit rolling on the floor laughing cowboy hat face,0.8463212326169014,Bullish,Consumer Discretionary
2020-12-18,NKE,NKE Let s get that Stimulus Check and more money for the unemployment So my homies keep buying Js expensive Gym cloths Joga pants and just do it Merch cowboy hat face rolling on the floor laughing rolling on the floor laughing,0.8452074304223061,Bullish,Consumer Discretionary
2020-12-18,NKE,NKE THIS THING GONNA FLY AFTER EARNINGS double exclamation mark double exclamation mark rocket rocket rocket rocket rocket,0.8985431510955095,Bullish,Consumer Discretionary
2020-12-21,NKE,NKE Wonder what it would look like tomorrow police car light,0.8947748839855194,Bullish,Consumer Discretionary
2020-12-21,NKE,NKE all time high today again Wonder if all the people that burnt there Nike s are now wearing Nike s rolling on the floor laughing,0.6966170035302639,Bullish,Consumer Discretionary
2020-12-22,NKE,NKE investors should be a bit more optimistic about Nike s fiscal than they were before this report And the key reasons to be bullish about the next few years including the shift toward digital sales and the huge opportunities in China seem as solid as ever That s why if you haven t put this winning growth stock in your portfolio it still looks like a solid buy even after the run up shares have had through most of chart increasing fire thumbs up,-0.8125990256667137,Bullish,Consumer Discretionary
2020-12-22,NKE,NKE retirement stock Jut finally in check back in years eggplant,0.26746001839637756,Bullish,Consumer Discretionary
