date,ticker,text,sentiment,original_sentiment,industry
2020-01-01,NVDA,NVDA coming up on my first year trading Just wanted to ask if the market is closed tomorrow I m assuming it is but I wanted to make sure beaming face with smiling eyes,0.8247954696416855,Bullish,Information Technology
2019-12-31,NVDA,NVDA monster stock Happy new year fireworks,0.808419942855835,Bullish,Information Technology
2020-01-03,NVDA,NVDA This should be at least already thinking face chart increasing with yen money with wings money with wings,-0.7466122135519981,Bullish,Information Technology
2020-01-03,NVDA,NVDA who care Iran who is he thinking face,0.8884862512350082,Bullish,Information Technology
2020-01-07,NVDA,NVDA and they say a picture is worth a thousand words grinning squinting face grinning squinting face grinning squinting face,0.8811215534806252,Bullish,Information Technology
2020-01-07,NVDA,NVDA looks like noone is here today lol grinning squinting face all the money to me,0.7299955040216446,Bullish,Information Technology
2020-01-07,NVDA,NVDA new support clapping hands light skin tone clapping hands light skin tone Can anyone correct me thanks,0.8702397793531418,Bullish,Information Technology
2020-01-07,NVDA,NVDA fifty fifty in two weeks smiling face with heart eyes,0.7483414635062218,Bullish,Information Technology
2020-01-08,NVDA,NVDA sold half Holding on to this now folded hands light skin tone raising hands light skin tone Ill buy any dip jow,0.8575127422809601,Bullish,Information Technology
2020-01-08,NVDA,NVDA wooooo tomorrow gonna be fire bought last min calls on this a,0.8045586198568344,Bullish,Information Technology
2020-01-09,NVDA,NVDA dammm i love you I havnt lost since I felt in love with you red heart chart increasing will br with you till lol then cheat on you rolling on the floor laughing,0.755740575492382,Bullish,Information Technology
2020-01-09,NVDA,NVDA KSS Grab it face with monocle flexed biceps,0.7653505653142929,Bullish,Information Technology
2020-01-10,NVDA,NVDA hahhahahahahahajaja Nvidia upgraded rolling on the floor laughing rolling on the floor laughing rolling on the floor laughing rolling on the floor laughing rolling on the floor laughing rolling on the floor laughing rolling on the floor laughing rolling on the floor laughing rolling on the floor laughing rolling on the floor laughing rolling on the floor laughing rolling on the floor laughing omg woooooooooooooooo chart increasing fire fire fire fire fire fire fire fire def easy at open money bag money bag money bag money bag ching ching,0.8974137790501118,Bullish,Information Technology
2020-01-10,NVDA,NVDA i love when I m right folded hands medium light skin tone money bag money bag money bag money bag money bag money bag money bag money bag,0.8899967111647129,Bullish,Information Technology
2020-01-10,NVDA,NVDA ehhh ok maybe at we see upside down face btw Nvidia is my fav stock red heart,0.3361104130744934,Bullish,Information Technology
2020-01-10,NVDA,NVDA nvidia on cnn next ghost town ghost again ah Thats why i just took my profits Ill wait next week to get in Gl everyone,0.8281430713832378,Bullish,Information Technology
2020-01-22,NVDA,NVDA GNPX Welcome jerks Wake up fire fire fire fire fire fire fire fire,0.8466808795928955,Bullish,Information Technology
2020-01-24,NVDA,NVDA wow hushed face why up so much I feel it will hit,-0.39173564314842224,Bullish,Information Technology
2020-01-24,NVDA,NVDA up from magic OK hand clinking glasses money bag,0.6679056733846664,Bullish,Information Technology
2020-01-24,NVDA,NVDA nothing we can do neutral face be safe and healthy,0.6301980465650558,Bullish,Information Technology
2020-01-24,NVDA,NVDA Should be at least already thinking face chart increasing with yen money with wings money with wings,-0.8840241394937038,Bullish,Information Technology
2020-01-29,NVDA,NVDA USA we run the show flexed biceps,0.8664041981101036,Bullish,Information Technology
2020-02-04,NVDA,NVDA come on Just like tsla enraged face,0.8432977497577667,Bullish,Information Technology
2020-02-06,NVDA,NVDA let s go over then rocket rocket rocket,0.9068359509110451,Bullish,Information Technology
2020-02-10,NVDA,NVDA How sad or unsad is this Im finally making money in this stock after a year and change I bot after the last upgrade to a target over beaming face with smiling eyes victory hand before the crushing of the semi s I did buy AMD right at though,0.7085610404610634,Bullish,Information Technology
2020-02-10,NVDA,NVDA the best GPU in the business It s one of the stock that worth to visit your cardiologist for ER roller coaster money mouth face,0.7566870152950287,Bullish,Information Technology
2020-02-11,NVDA,NVDA by Thursday before earnings after the bell bellhop bell Run up will intensify before release,0.7807512544095516,Bullish,Information Technology
2020-02-11,NVDA,NVDA thoughts opinions avg down Sell tomorrow Hold through earnings thinking face all help from bulls appreciated smiling face with sunglasses palm tree call me hand medium skin tone,0.8586134240031242,Bullish,Information Technology
2020-02-11,NVDA,NVDA amazing winking face I was in since Wow,0.8077467828989029,Bullish,Information Technology
2020-02-11,NVDA,NVDA get ready to eat BBQ bear,0.8343050628900528,Bullish,Information Technology
2020-02-11,NVDA,NVDA though I m still bullish I m not greedy just a quick overnight swing call me hand medium skin tone palm tree,0.8600579462945461,Bullish,Information Technology
2020-02-11,NVDA,NVDA lmao threw all my money into a call for next week I m either going to be very rich or very broke face with tears of joy gl me,0.7988841384649277,Bullish,Information Technology
2020-02-12,NVDA,NVDA Fortnite game is heating up again just thought i share no big deal Found this on NVDA site FORTNITE BUNDLEBUY NOW BUY GEFORCE registered GTX OR SERIES GET THE GEFORCE FORTNITE BUNDLE,0.8823428712785244,Bullish,Information Technology
2020-02-12,NVDA,NVDA is key We get BUST thru and ITS ON,0.6852732598781586,Bullish,Information Technology
2020-02-12,NVDA,NVDA bullish ending reaching HOD Tomorrow could see imo eyes,-0.4074871838092804,Bullish,Information Technology
2020-02-12,NVDA,NVDA someone putting a big wall at eyes maybe holding off real run til tomorrow,0.6670398861169815,Bullish,Information Technology
2020-02-13,NVDA,NVDA another great day on the way Looking to close near by end of the week rocket money bag bottle with popping cork man getting massage folded hands,-0.5562409311532974,Bullish,Information Technology
2020-02-13,NVDA,NVDA Easy money don t miss these alerts money mouth face check mark button,0.9013531599193811,Bullish,Information Technology
2020-02-13,NVDA,NVDA prepare for lift off after bell rocket man astronaut,0.8365344926714897,Bullish,Information Technology
2020-02-13,NVDA,NVDA All out for this ER Either sleeping at home or in my car for the weekend money bag money bag rocket man getting massage man shrugging man facepalming bottle with popping cork,0.8125879839062691,Bullish,Information Technology
2020-02-14,NVDA,NVDA dagom cotton pikn millenials taking my moneyz Leev my moooniez a looooneee rolling on the floor laughing face with tears of joy,0.7783411890268326,Bearish,Information Technology
2020-02-14,NVDA,NVDA I love you Made my weekend Ha folded hands bottle with popping cork rocket man shrugging money bag,0.7478085532784462,Bullish,Information Technology
2020-02-18,NVDA,NVDA PT It s cumming Keep pumping raised fist sweat droplets sweat droplets bulls chart increasing money with wings money with wings money with wings,0.8260333612561226,Bullish,Information Technology
2020-02-19,NVDA,NVDA We can see this year relieved face,0.2078741490840912,Bullish,Information Technology
2020-02-19,NVDA,NVDA Still have gap for my call Move on chart increasing check mark button money bag man shrugging light skin tone,0.8081351220607758,Bullish,Information Technology
2020-02-19,NVDA,NVDA shorting is hazardous to your health money bag money bag money bag,0.5539587289094925,Bullish,Information Technology
2020-02-19,NVDA,NVDA I remember when a bunch of you were crying and whining only week ago rolling on the floor laughing,0.46418496966362,Bullish,Information Technology
2020-02-19,NVDA,NVDA My PT is on Next Friday chart increasing rocket man shrugging light skin tone,0.8048046305775642,Bullish,Information Technology
2020-02-19,NVDA,NVDA clapping hands clapping hands money with wings money with wings money with wings clapping hands clapping hands Anyone not buying here hates making money Back up the truck and LOAD THE UP This is going to by July st fire fire,0.8901494778692722,Bullish,Information Technology
2020-02-19,NVDA,NVDA thank u Bernstein kiss mark next bullseye money mouth face,0.7948753982782364,Bullish,Information Technology
2020-02-19,NVDA,NVDA I make the big calls bc I got big balls face with tears of joy,0.7588854432106018,Bullish,Information Technology
2020-02-19,NVDA,NVDA Good day in the market Cheers bulls bottle with popping cork,-0.15201649069786072,Bullish,Information Technology
2020-02-19,NVDA,NVDA I m out of garbage bags It s still raining money face with tears of joy face with tears of joy face with tears of joy,0.8006637766957283,Bullish,Information Technology
2020-02-19,NVDA,NVDA bought of the strike weekly today money mouth face,0.35731084644794464,Bullish,Information Technology
2020-02-19,NVDA,NVDA I m kicking myself for pulling out at sleepy face sleepy face sleepy face sleepy face at least I made k profit,0.3002045080065727,Bullish,Information Technology
2020-02-20,NVDA,NVDA looking strong in AH and will be strong in the morning too flexed biceps fire rocket Up to in the extended trade,-0.8465605527162552,Bullish,Information Technology
2020-02-20,NVDA,NVDA futures are coming back baby let s get this bread face screaming in fear face screaming in fear face screaming in fear,0.5649472586810589,Bullish,Information Technology
2020-02-20,NVDA,NVDA loaded up and ready to rip money mouth face,0.8026867806911469,Bullish,Information Technology
2020-02-20,NVDA,NVDA that was the time to avg down or hop in money mouth face,0.8131830953061581,Bullish,Information Technology
2020-02-20,NVDA,NVDA load up the boats boys It ll make another push money mouth face money bag,0.6807084530591965,Bullish,Information Technology
2020-02-20,NVDA,NVDA EOD my PT is Next Friday Mark here chart increasing chart increasing chart increasing rocket rocket rocket money bag money bag money bag check mark button,0.8042494207620621,Bullish,Information Technology
2020-02-20,NVDA,NVDA wow K in minutes P exp IM DONE FOR THE DAY GL TO ALL face with tears of joy face with tears of joy face with tears of joy face with tears of joy,0.82840396463871,Bullish,Information Technology
2020-02-20,NVDA,NVDA nice thumbs up we need pulled back,-0.4607415497303009,Bullish,Information Technology
2020-02-20,NVDA,NVDA what to do sell or wait till tomorrow for crossed fingers any ideas,0.8999778442084789,Bullish,Information Technology
2020-02-24,NVDA,NVDA got sucked in on the bull trap had to switch again face with tears of joy,0.2117166854441166,Bearish,Information Technology
2020-02-26,NVDA,NVDA I want blood drop of blood end of day,0.8799935430288315,Bearish,Information Technology
2020-02-26,NVDA,NVDA dammmm who fkin got puts right at rolling on the floor laughing rolling on the floor laughing that was luk,0.7739772573113441,Bearish,Information Technology
2020-02-26,NVDA,NVDA let s go Bought ton of tvix kissing face with closed eyes,0.8226587772369385,Bullish,Information Technology
2020-02-27,NVDA,NVDA Uncle Jerome may be coming to the rescue slightly smiling face,0.748436689376831,Bullish,Information Technology
2020-02-27,NVDA,NVDA bear flag on the dm eyes for new lod warning,0.6379515826702118,Bearish,Information Technology
2020-02-28,NVDA,NVDA warning warning you again We could see Dow or lower,0.05418134666979313,Bearish,Information Technology
2020-02-28,NVDA,NVDA all these fking clowns buying lol clown face clown face clown face clown face clown face clown face clown face clown face clown face clown face clown face this is,0.7969264201819897,Bearish,Information Technology
2020-03-03,NVDA,NVDA Calls for April th Going Long four leaf clover,0.8694369047880173,Bullish,Information Technology
2020-03-04,NVDA,NVDA face with monocle crystal ball clapping hands I live to trade another day,0.8471360728144646,Bullish,Information Technology
2020-03-04,NVDA,NVDA coming in clutch to save my day Those calls are so spicy hot pepper,0.8337804079055786,Bullish,Information Technology
2020-03-05,NVDA,NVDA Very nice eod push Caught a runner cowboy hat face in minutes beepbeep,0.5001695454120636,Bullish,Information Technology
2020-03-05,NVDA,NVDA imagine thinking buying this into Friday is a good idea face with tears of joy,0.10448071360588074,Bearish,Information Technology
2020-03-13,NVDA,NVDA Short and thank me next week kissing face,0.7744369581341743,Bearish,Information Technology
2020-03-18,NVDA,NVDA I m fairly sure the world isn t coming to an end woman facepalming,0.42235134541988373,Bullish,Information Technology
2020-03-19,NVDA,NVDA I missed my freaking put sell on this yesterday If only I wasn t ahead hours man facepalming medium skin tone,0.4968499019742012,Bearish,Information Technology
2020-03-24,NVDA,NVDA what happen to all those end of world predictions CNN listeners Lmfao rolling on the floor laughing rolling on the floor laughing rolling on the floor laughing,0.878195671364665,Bullish,Information Technology
2020-03-24,NVDA,NVDA mannnn I sold at flushed face loudly crying face loudly crying face loudly crying face,0.5528958290815353,Bullish,Information Technology
2020-03-25,NVDA,NVDA Cramer has just mentioned NVDA to buy yawning face,0.8548628389835358,Bullish,Information Technology
2020-03-25,NVDA,NVDA waiting to fly above soon star struck green days for sure,0.5712641775608063,Bullish,Information Technology
2020-03-25,NVDA,NVDA Yes Ma am Yes Muther clapping hands medium dark skin tone Fu in Ma am money mouth face,0.8826353624463081,Bullish,Information Technology
2020-03-26,NVDA,NVDA and this b is gonna crash hammer hammer hammer,0.8601557649672031,Bearish,Information Technology
2020-03-27,NVDA,NVDA Excellent by the end of the year money with wings money with wings money with wings money with wings,0.7532102465629578,Bullish,Information Technology
2020-03-30,NVDA,NVDA i and I would says continue your run nvda money mouth face money mouth face money mouth face,0.9047059267759323,Bullish,Information Technology
2020-03-31,NVDA,NVDA it feels so good to have bought this at drooling face,-0.46512436866760254,Bullish,Information Technology
2020-03-31,NVDA,NVDA Let s go backhand index pointing up to for sure today smiling face with smiling eyes beaming face with smiling eyes,0.8117194622755051,Bullish,Information Technology
2020-03-31,NVDA,NVDA I said an hour ago to get Now I see for sure Let s do this backhand index pointing up Nvidia cloud plus msft is going high,0.28593742847442627,Bullish,Information Technology
2020-04-01,NVDA,NVDA is when you load up the puts thumbs up,0.9080213624984026,Bearish,Information Technology
2020-04-02,NVDA,NVDA It s not good for put players if this bottoms in a day or two It should spike back eod We again buy high and beat it down loudly crying face loudly crying face,0.567269816994667,Bearish,Information Technology
2020-04-03,NVDA,NVDA Sorry in for calls again Can t help myself see no evil monkey,0.6882331818342209,Bullish,Information Technology
2020-04-07,NVDA,NVDA profit taking about to turn into buying ox,0.7158588021993637,Bullish,Information Technology
2020-04-07,NVDA,NVDA more room to blast off smiling face with sunglasses up right arrow ox,0.6159039586782455,Bullish,Information Technology
2020-04-16,NVDA,NVDA amazing winking face but hot I may sell some shares tomorrow morning when hit high Need pullback,0.755193755030632,Bullish,Information Technology
2020-04-23,NVDA,NVDA tried to warn your greedy bulls thank you for your cash if you didn t sell your positions before close oncoming fist light skin tone oncoming fist light skin tone oncoming fist light skin tone woman facepalming medium light skin tone,0.865740142762661,Bearish,Information Technology
2020-04-28,NVDA,NVDA im in here Calls money mouth face dollar banknote,0.892572920769453,Bullish,Information Technology
2020-04-28,NVDA,NVDA woah got in more around face with tears of joy face with tears of joy calls too,0.6631146371364594,Bullish,Information Technology
2020-04-28,NVDA,NVDA hky stttt sleeping face sleeping face yawning face yawning face yawning face yawning face yawning face yawning face yawning face yawning face yawning face yawning face yawning face yawning face yawning face yawning face at least give me,0.8307735919952393,Bullish,Information Technology
2020-04-30,NVDA,NVDA face ripper to all time highs by the end of the week strap in rocket money bag,-0.8062503337860107,Bullish,Information Technology
2020-05-05,NVDA,NVDA Back obvious pattern Easy money baby bullseye chart increasing money bag,0.639788880944252,Bullish,Information Technology
2020-05-05,NVDA,NVDA Game is on for this baby Looking to buy some calls tomorrow morning will post the exact entries crossed fingers,0.9056234806776047,Bullish,Information Technology
2020-05-06,NVDA,NVDA incoming potential day trade bullseye chart increasing money bag,-0.22467303276062012,Bullish,Information Technology
2020-05-08,NVDA,NVDA so far yet so close beaming face with smiling eyes,-0.11423420906066895,Bullish,Information Technology
2020-05-11,NVDA,NVDA Best company for st century money with wings,0.19445183873176575,Bullish,Information Technology
2020-05-12,NVDA,NVDA flushed face flushed face let s top the week high again flushed face flushed face,0.5809745341539383,Bullish,Information Technology
2020-05-14,NVDA,NVDA sub is coming near future gem stone,0.4322548806667328,Bearish,Information Technology
2020-05-14,NVDA,NVDA COME ON BEARS bear rainbow PUSH THIS FUCKER TO,0.8573553785681725,Bearish,Information Technology
2020-05-15,NVDA,NVDA was spot on for a change man shrugging light skin tone,0.6069511026144028,Bullish,Information Technology
2020-05-15,NVDA,NVDA coming More important than ever before money with wings,0.3816640079021454,Bullish,Information Technology
2020-05-15,NVDA,NVDA Best investment for next decade money with wings,0.4076899588108063,Bullish,Information Technology
2020-05-15,NVDA,NVDA looks good If you get it under you should be proud of yourself chart increasing money bag flexed biceps check mark button,0.22661203145980835,Bullish,Information Technology
2020-05-15,NVDA,NVDA Now we are talking shushing face money with wings money with wings chart increasing with yen Future is Chipped chart increasing with yen money with wings,0.010937809944152832,Bullish,Information Technology
2020-05-15,NVDA,NVDA This is gonna sky rocket rocket in next months money with wings money with wings,0.787179745733738,Bullish,Information Technology
2020-05-15,NVDA,NVDA crazy thing is that it s not even in extreme overbought territory on the daily smiling face with hearts,0.8504324555397034,Bullish,Information Technology
2020-05-15,NVDA,NVDA was not paying attention to NVDA today what happened fire fire,0.6280947923660278,Bullish,Information Technology
2020-05-15,NVDA,NVDA what a FUKIN BEAST SHORT THIS BIIHH IF U WANT TO SHE WILL BITE THAT AZZ face with tears of joy face with tears of joy face with tears of joy face with tears of joy CMON,0.8948288410902023,Bullish,Information Technology
2020-05-15,NVDA,NVDA hold to Go long here bullseye chart increasing money bag,-0.12641048431396484,Bullish,Information Technology
2020-05-16,NVDA,NVDA breakout on the day chart What will we see next week thinking face,0.8773392215371132,Bullish,Information Technology
2020-05-19,NVDA,NVDA my only regret is that i didn t buy more when it was at crying face,0.7095436751842499,Bullish,Information Technology
2020-05-19,NVDA,NVDA all hail the run for Gold rocket rocket rocket rocket rocket,0.8650629743933678,Bullish,Information Technology
2020-05-19,NVDA,NVDA Game changer money with wings shushing face chart increasing with yen chart increasing with yen dollar banknote around the corner money with wings,-0.3902844190597534,Bullish,Information Technology
2020-05-19,NVDA,NVDA Ride the momentum Stop stop sign thinking so much,0.4211156666278839,Bullish,Information Technology
2020-05-19,NVDA,NVDA people still talking about old news of lawsuits in Hope s to save their short position face with tears of joy face with tears of joy face with tears of joy face with tears of joy rolling on the floor laughing rolling on the floor laughing,0.8522433638572693,Bullish,Information Technology
2020-05-19,NVDA,NVDA my first son will be called Nvidia beaming face with smiling eyes beaming face with smiling eyes,0.827737346291542,Bullish,Information Technology
2020-05-20,NVDA,NVDA stock price is too high imo grinning face,0.25440466590225697,Bullish,Information Technology
2020-05-20,NVDA,NVDA great holding higher highs rocket rocket rocket rocket,0.6883196085691452,Bullish,Information Technology
2020-05-20,NVDA,NVDA bullish as a banshee out of hell open don t me face with steam from nose,0.7682538256049156,Bullish,Information Technology
2020-05-21,NVDA,NVDA don t be a window shopper and buy for the earning beat smirking face smirking face,0.8614261820912361,Bullish,Information Technology
2020-05-21,NVDA,NVDA I often wonder if I could make a living simply selling when everyone on ST is bullish and buying when everyone is bearish face with tears of joy Bullish long term but earnings seem like a risky play,0.7618490383028984,Bullish,Information Technology
2020-05-21,NVDA,NVDA That was your daily bottom Onward and upward now into earnings chart increasing,0.4861389398574829,Bullish,Information Technology
2020-05-21,NVDA,NVDA Considering the current market climate Nvidia s data center business should be booming BMO increased its annual data center run rate forecast to at least billion in up from its previous forecast of billion chart increasing,-0.9259381145238876,Bullish,Information Technology
2020-05-21,NVDA,NVDA lol people want to buy this cheap before the lift off rocket rocket rocket rocket,0.798565149307251,Bullish,Information Technology
2020-05-21,NVDA,NVDA The trend advance could book substantial upside in coming months with the completed breakout above resistance generating a measured move target near chart increasing smiling face with sunglasses fire,-0.8605272360146046,Bullish,Information Technology
2020-05-21,NVDA,NVDA love this company Great future ahead rocket but playing ER is a straight gamble If it does beat BIG then yes you will miss the pop but if the results are THAT good it will continue to climb ANYWAY and you can catch the far side of it for some nice gains If its misses or fails to impress well you didn t lose a penny and other will make a big loss SmartMoney vs DumbMoney,0.47951602935791016,Bullish,Information Technology
2020-05-21,NVDA,NVDA seriously contemplating selling into earnings Decided to hold em Will purchase more during selloff game die game die game die,0.814421646296978,Bullish,Information Technology
2020-05-21,NVDA,NVDA The run into earnings is underway chart increasing thumbs up fire smiling face with sunglasses money bag,0.5490459054708481,Bullish,Information Technology
2020-05-21,NVDA,NVDA T minus roughly hours and counting I ll have my tall Gin Tonic in my hand ready to celebrate thumbs up thumbs up rocket rocket rocket tumbler glass tumbler glass tumbler glass,0.8624967001378536,Bullish,Information Technology
2020-05-21,NVDA,NVDA just buying Not for Er I know it s worth rocket rocket rocket rocket,0.8495688214898109,Bullish,Information Technology
2020-05-21,NVDA,NVDA hope u converts bears The flight is about to resume rocket rocket rocket rocket,0.7776646316051483,Bullish,Information Technology
2020-05-21,NVDA,NVDA may the post ER fluff begin juice it up baby to da moon new moon face,0.794010117650032,Bullish,Information Technology
2020-05-21,NVDA,NVDA them options will be worth SO MUCH LESS tomorrow with the drop in I V regarless of which way it moves Even though long term bullish in NVDA rocket,0.22594623267650604,Bearish,Information Technology
2020-05-21,NVDA,NVDA why would this move it had a huuugggeee run into earnings thinking face,0.7947468683123589,Bearish,Information Technology
2020-05-21,NVDA,NVDA Pre earnings run up was when the money money bag was made Priced in,0.8726330678910017,Bearish,Information Technology
2020-05-22,NVDA,NVDA today is one big doji reversal candle face with tears of joy,0.8077387586236,Bearish,Information Technology
2020-05-22,NVDA,NVDA Early dump pile of poo then one last squeeze and then falls off a cliff hr b close If not o well still made money this week grinning face with big eyes,0.6301014423370361,Bearish,Information Technology
2020-05-22,NVDA,NVDA flexed biceps intraday all time high and an all time high close clapping hands flexed biceps,0.24139755964279175,Bullish,Information Technology
2020-05-26,NVDA,NVDA u guys promised me today zany face zany face zany face,0.853589616715908,Bearish,Information Technology
2020-05-28,NVDA,NVDA lmao who is buying this stock in the clouds face with tears of joy face with tears of joy face with tears of joy,0.83592189848423,Bearish,Information Technology
2020-05-29,NVDA,NVDA those buys at the close smiling face with heart eyes smiling face with heart eyes,0.8727694526314735,Bullish,Information Technology
2020-06-05,NVDA,NVDA pt long on behalf of my new graphic card rolling on the floor laughing,0.6679180711507797,Bullish,Information Technology
2020-06-05,NVDA,NVDA dam multiple days of consolidation and huge call buy today star struck should be good stuff here tomorrow,0.44800370931625366,Bullish,Information Technology
2020-06-05,NVDA,NVDA are we finally going to eyes next week,0.7620200961828232,Bullish,Information Technology
2020-06-09,NVDA,NVDA the Sith overlord market makers keep surpressing the rocket breakout rocket Lets go,0.7068497538566589,Bullish,Information Technology
2020-06-09,NVDA,NVDA Nvdia is definitely going to be in years eyes i wish this drop to or again so I can go all in lol definitely a life time hold company,0.829512432217598,Bullish,Information Technology
2020-06-10,NVDA,NVDA buy if when it dips reach to bullish pulse money bag chart increasing money bag,0.37729519605636597,Bullish,Information Technology
2020-06-10,NVDA,NVDA I m coming EOY bullseye chart increasing money bag,0.2539796233177185,Bullish,Information Technology
2020-06-10,NVDA,NVDA looking to exit at open currently at this should be well over at open fire,0.7254154235124588,Bullish,Information Technology
2020-06-10,NVDA,NVDA nothing can stop this thing raising hands,0.8205114491283894,Bullish,Information Technology
2020-06-16,NVDA,NVDA everyone is gapping up close to except for this face with rolling eyes i hope we hit today,0.7296949177980423,Bullish,Information Technology
2020-06-23,NVDA,NVDA Why buy now when you can buy at shushing face chart increasing with yen money with wings money with wings,0.7386340498924255,Bullish,Information Technology
2020-06-30,NVDA,NVDA another PT hit today move since watchlist on Sunday and open on Monday Watchlist fire,-0.2897416651248932,Bullish,Information Technology
2020-07-02,NVDA,NVDA is Now a real possibility rocket rocket rocket rocket,0.8281099125742912,Bullish,Information Technology
2020-07-07,NVDA,NVDA In Post Virus world everyone must have this stock in their portfolio winking face chart increasing with yen dollar banknote,-0.6280654519796371,Bullish,Information Technology
2020-07-07,NVDA,NVDA sold at from sad but relieved face I ll miss being a shareholder but profit is profit Long live Jensen Huang sign of the horns Nvidia is the best smiling face with smiling eyes,0.7915030792355537,Bullish,Information Technology
2020-07-07,NVDA,NVDA Boom I meant by tomorrow man shrugging medium skin tone,0.8576778955757618,Bullish,Information Technology
2020-07-07,NVDA,NVDA in at x from a few years back wish I would have dropped a few more paychecks on her congrats longs and traders smiling face with open hands,0.5023471117019653,Bullish,Information Technology
2020-07-08,NVDA,NVDA she is back to upper channel if she preform well we know where she s going airplane,0.6880730241537094,Bullish,Information Technology
2020-07-08,NVDA,NVDA Gsco sitting at thinking face cloud news Friday market gods bless us,0.7121836841106415,Bullish,Information Technology
2020-07-08,NVDA,NVDA greed struck me again face with monocle still above yesterday highs,-0.4794524759054184,Bullish,Information Technology
2020-07-08,NVDA,NVDA by Friday ya heard it here first tumbler glass shushing face infinity bottle with popping cork,0.797291100025177,Bullish,Information Technology
2020-07-08,NVDA,NVDA i love this stock long term zany face victory hand medium light skin tone,0.853654183447361,Bullish,Information Technology
2020-07-08,NVDA,NVDA good golly this thing is strong thumbs up,-0.5932106524705887,Bullish,Information Technology
2020-07-08,NVDA,NVDA told you gents by Friday shushing face money bag rocket yawning face tumbler glass,0.7233100160956383,Bullish,Information Technology
2020-07-09,NVDA,NVDA this was in the tech dip I remember flushed face,0.8697767928242683,Bullish,Information Technology
2020-07-09,NVDA,NVDA congrats bulls four leaf clover face blowing a kiss green heart i hv looked at this all week thinking face and never pulled the trigger woman shrugging medium light skin tone frowning face,0.8544235154986382,Bullish,Information Technology
2020-07-09,NVDA,NVDA who s putting a limit buy order at grinning face with sweat I m in not buying at a penny bellow,0.8278575092554092,Bullish,Information Technology
2020-07-09,NVDA,NVDA how r sales of the shield shield doing,0.8765706978738308,Bullish,Information Technology
2020-07-09,NVDA,NVDA I heard that any stock goes pass will fly rocket,0.8864162936806679,Bullish,Information Technology
2020-07-09,NVDA,NVDA You know what time it is smiling face with sunglasses chart decreasing chart increasing with yen money bag money with wings currency exchange ox flag in hole ox flag in hole ox flag in hole ox flag in hole ox flag in hole ox flag in hole ox flag in hole ox flag in hole rocket rocket rocket rocket rocket rocket rocket rocket rocket rocket rocket rocket rocket rocket rocket rocket,0.8872766904532909,Bullish,Information Technology
2020-07-09,NVDA,NVDA more to go money mouth face keep it up woman climbing light skin tone folded hands light skin tone,0.8550384975969791,Bullish,Information Technology
2020-07-10,NVDA,NVDA by mark it bullseye smiling face with sunglasses rocket fire,0.894402701407671,Bullish,Information Technology
2020-07-10,NVDA,NVDA Break that and we will see more upside rocket,0.06509068608283997,Bullish,Information Technology
2020-07-10,NVDA,NVDA just loaded up on contracts for cheapppppp smiling face with sunglasses,0.6505974978208542,Bullish,Information Technology
2020-07-10,NVDA,NVDA this is going to run up overnight thumbs up medium light skin tone,0.09936738014221191,Bullish,Information Technology
2020-07-10,NVDA,NVDA it s been ru ming green for days one RED DAY doesnt hurt hold your Gold it will rebound hard collision collision collision collision fire fire fire fire fire fire rocket rocket rocket rocket rocket rocket rocket rocket rocket rocket rocket rocket collision,0.8645287528634071,Bullish,Information Technology
2020-07-15,NVDA,NVDA i love this stock so much but I want it to dip so I can get back in loudly crying face,0.6732799187302589,Bullish,Information Technology
2020-07-20,NVDA,NVDA HORSES DON T STOP THEY KEEP GOINGGG yeahhhhh money mouth face green heart,0.8410300575196743,Bullish,Information Technology
2020-07-21,NVDA,NVDA Got in Aiming for the rocket,0.6384263634681702,Bullish,Information Technology
2020-07-23,NVDA,NVDA little baby dip today No big deal,0.8036876246333122,Bullish,Information Technology
2020-07-23,NVDA,NVDA just thank me for buying earlier man shrugging light skin tone,0.2035098373889923,Bullish,Information Technology
2020-07-23,NVDA,NVDA This is starting to look like a good buying spot thinking face,-0.2530534565448761,Bullish,Information Technology
2020-07-23,NVDA,NVDA load MSFT load Jmia load It s days like this we load collision GLTA,0.8525398410856724,Bullish,Information Technology
2020-07-27,NVDA,NVDA let s go tommrow so I can blaze up grinning squinting face,0.8292654305696487,Bullish,Information Technology
2020-07-30,NVDA,NVDA channel up bullish set up entry again TP bottle with popping cork rocket bottle with popping cork rocket bottle with popping cork rocket rocket rocket rocket rocket rocket,0.7996010482311249,Bullish,Information Technology
2020-07-30,NVDA,NVDA so excited for tomorrow fuxkkkk loudly crying face loudly crying face loudly crying face,0.6351126134395599,Bullish,Information Technology
2020-07-31,NVDA,NVDA BOOM collision Record Weekly Close Going much Higher flexed biceps light skin tone And also finished green lol,-0.7991806864738464,Bullish,Information Technology
2020-08-01,NVDA,NVDA Might bring it to in no time shushing face chart increasing with yen money with wings,-0.508876383304596,Bullish,Information Technology
2020-08-04,NVDA,NVDA The best investment long term in Economy World money with wings money with wings chart increasing with yen chart increasing with yen,-0.6194886267185211,Bullish,Information Technology
2020-08-04,NVDA,NVDA fire gem stone money bag Perfect close at ATH to the penny,0.4888067841529846,Bullish,Information Technology
2020-08-04,NVDA,NVDA gave you this less than a week ago now we are at clown face,0.7990723699331284,Bullish,Information Technology
2020-08-05,NVDA,NVDA holding since last year at crazy to see how much it has climbed in a year Maybe the SP years from now will be decimal point to the right Forget lambos F goals dollar banknote dollar banknote money mouth face,0.6886152029037476,Bullish,Information Technology
2020-08-07,NVDA,NVDA miracles do happen thank you NVDA dragon four leaf clover,0.6900768578052521,Bullish,Information Technology
2020-08-13,NVDA,NVDA Haha classic Was pondering some Jan calls last week Regrets loudly crying face loudly crying face,0.19898438267409801,Bullish,Information Technology
2020-08-13,NVDA,NVDA if they announce a stock split on their call back up the truck money bag money bag money bag,0.9080871548503637,Bullish,Information Technology
2020-08-13,NVDA,NVDA gonna make its move to as the reveal event approaches star star star star star,0.8572710826992989,Bullish,Information Technology
2020-08-14,NVDA,NVDA buying pressure is about to happen before close because a lot of people going to try to get in before close today rocket,0.7155186012387276,Bullish,Information Technology
2020-08-14,NVDA,NVDA is well on its way man shrugging,-0.2651083767414093,Bullish,Information Technology
2020-08-14,NVDA,NVDA should be reversing here Initial PT crossed fingers,0.8453516438603401,Bullish,Information Technology
2020-08-14,NVDA,NVDA Monday morning will be a wild bull ride this could gap up to before earnings and then after earnings we could potentially see smiling face with sunglasses flexed biceps rocket,0.8029793351888657,Bullish,Information Technology
2020-08-14,NVDA,NVDA OTM Calls ATM sign up arrow ATM sign earnings will be wonderful,0.8165165707468987,Bullish,Information Technology
2020-08-14,NVDA,NVDA here come the bulls before the weekend up arrow up arrow up arrow,0.8174902871251106,Bullish,Information Technology
2020-08-14,NVDA,NVDA Once the Split is announced and Great ER Will take this to fire fire fire rocket rocket rocket rocket rocket money bag money bag money bag money bag money bag,0.9169708676636219,Bullish,Information Technology
2020-08-15,NVDA,NVDA The breakout was quite nice eeh Let s see what Monday brings bullseye,0.737861342728138,Bullish,Information Technology
2020-08-17,NVDA,NVDA For A second I thought they announced a split loudly crying face,0.23832308501005173,Bullish,Information Technology
2020-08-17,NVDA,NVDA all we need now is a stock split and we keep flying rolling on the floor laughing rolling on the floor laughing rolling on the floor laughing money mouth face money mouth face,0.8516271784901619,Bullish,Information Technology
2020-08-18,NVDA,NVDA saw this one from the bottom party popper eyes thumbs up,0.6635068207979202,Bullish,Information Technology
2020-08-18,NVDA,NVDA You bears have no concept of exponential growth business models gem stone rocket,0.8724055476486683,Bullish,Information Technology
2020-08-18,NVDA,NVDA I have a feeling my call is gonna be up even higher tomorrow smiling face with smiling eyes,-0.13189494609832764,Bullish,Information Technology
2020-08-18,NVDA,NVDA how can you do a stock split of from a pure maths perspective rolling on the floor laughing,0.8958293795585632,Bullish,Information Technology
2020-08-18,NVDA,NVDA Sometimes chasing FOMO before Earnings reports are very lucrative money bag money bag money bag bank,0.8465304933488369,Bullish,Information Technology
2020-08-18,NVDA,NVDA Get out of the way of this freight train locomotive shorties or you will be run over like the rest of your comrades inevitable soon,0.10869458876550198,Bullish,Information Technology
2020-08-18,NVDA,NVDA sold entire position at open for a nice gain flexed biceps Good luck to the bulls holding through ER,-0.8678772859275341,Bullish,Information Technology
2020-08-18,NVDA,NVDA once we past it s back to the game plan money mouth face,0.8832914382219315,Bullish,Information Technology
2020-08-18,NVDA,NVDA I ll take a slow grind back to over just a blimp in price Please wait for me to get my k paycheck next week dollar banknote gem stone rocket,0.8440041057765484,Bullish,Information Technology
2020-08-18,NVDA,NVDA Guys this is unprecedented times we living in unprecedented gains at the gym and your broker ge account dollar banknote gem stone rocket,0.5129172950983047,Bullish,Information Technology
2020-08-18,NVDA,NVDA Everything is virtual now and everybody is playing video games because PANDEMIC gem stone rocket,0.883141404017806,Bullish,Information Technology
2020-08-18,NVDA,NVDA can we get more dollars and get this back in the green dollar banknote,0.7353665083646774,Bullish,Information Technology
2020-08-18,NVDA,NVDA price targets raised all around don t sell if you do you ll be mad asf after tomorrow lmao face with tears of joy,0.29419557750225067,Bullish,Information Technology
2020-08-18,NVDA,NVDA They can t make them fast enough yen banknote dollar banknote gem stone rocket,0.8471342623233795,Bullish,Information Technology
2020-08-18,NVDA,NVDA eyes BTD around pm I think thinking face we ll have a nice pullback around that time before reach next bullseye after ER face with monocle money mouth face GLTA,0.7536016330122948,Bullish,Information Technology
2020-08-18,NVDA,NVDA reports tomorrow This is a long hold for me They re leader in A I and data center side fire,0.7526567876338959,Bullish,Information Technology
2020-08-18,NVDA,NVDA always go for great companies clapping hands,0.6548587381839752,Bullish,Information Technology
2020-08-18,NVDA,NVDA it s been down all day time for the wreckage collision high voltage tornado high voltage tornado high voltage collision,0.45100204460322857,Bullish,Information Technology
2020-08-18,NVDA,NVDA nice pump tomorrow and a split would take it to rocket that s my call if it all plays out eye,0.8304382339119911,Bullish,Information Technology
2020-08-18,NVDA,NVDA here she comes you ve been warned bear water pistol to be continued,0.6915412358939648,Bullish,Information Technology
2020-08-18,NVDA,Ok I ve got my NVDA puts all lined up ready to go smiling face,-0.3260459303855896,Bearish,Information Technology
2020-08-19,NVDA,NVDA The clock is ticking stopwatch Do you really want to take the risk by holding face with monocle,0.8595997449010611,Bearish,Information Technology
2020-08-19,NVDA,NVDA Tanking after hours Yay My put is going to print money star struck,0.829274371266365,Bearish,Information Technology
2020-08-19,NVDA,NVDA Thanks for the donation bulls face blowing a kiss,-0.01903441548347473,Bearish,Information Technology
2020-08-19,NVDA,NVDA Someone is keeping it pinned in the s to kill options unamused face face with rolling eyes Let it tank,0.5357639864087105,Bearish,Information Technology
2020-08-19,NVDA,NVDA or below before end of year Short at will chart decreasing backhand index pointing down medium light skin tone control knobs alien monster,0.4565925598144531,Bearish,Information Technology
2020-08-19,NVDA,NVDA Glad I only spent a few hundred on my put warning Even though I m a bear I encourage all bulls bears to never use on any trade I only use a small portion on each trade If you want to take a risk just use a few hundred that way you re not upside down if it goes wrong warning,0.8551418483257294,Bearish,Information Technology
2020-08-19,NVDA,NVDA rip to weekly option holders thanks for the premiums smiling face with heart eyes,0.09855332970619202,Bearish,Information Technology
2020-08-19,NVDA,NVDA guess that dude that dropped million on calls will get a reality check tomorrow face with tears of joy He will woke up that million will be k tomorrow face with tears of joy million loss in couple of hours,0.7999606281518936,Bearish,Information Technology
2020-08-20,NVDA,NVDA Tried to warn some of y all I m seeing a broader based sell off in tech coming We ll see GLTA thumbs up medium dark skin tone blue heart,0.6514862626791,Bearish,Information Technology
2020-08-20,NVDA,NVDA Cramer giving NVDA a massive mad money pump face with tears of joy,0.600792370736599,Bullish,Information Technology
2020-08-20,NVDA,NVDA money bag money bag money bag money bag money bag where the F bears bear at rolling on the floor laughing rolling on the floor laughing rolling on the floor laughing rolling on the floor laughing rolling on the floor laughing,0.865530313923955,Bullish,Information Technology
2020-08-21,NVDA,NVDA all weak hands that sold before ER will be coming back in check mark button sooner than later check mark button,0.6645006239414215,Bullish,Information Technology
2020-08-21,NVDA,NVDA Grats to those who bought the ER dip face with hand over mouth face with hand over mouth face with hand over mouth rocket,0.8869651444256306,Bullish,Information Technology
2020-08-21,NVDA,NVDA it s coming smiling face with heart eyes double oo,0.8065276741981506,Bullish,Information Technology
2020-08-21,NVDA,NVDA If it breaks week high it will run hard through out September fire fire fire fire,0.06167173199355602,Bullish,Information Technology
2020-08-21,NVDA,NVDA They should split So many bull retailers want in NVDA thumbs up thumbs up thumbs up LONG,0.7996620982885361,Bullish,Information Technology
2020-08-21,NVDA,NVDA Always long on some NVDA smiling face with heart eyes,0.8151716366410255,Bullish,Information Technology
2020-08-21,NVDA,NVDA Trying again let s see If she can hold it rocket,0.4879831224679947,Bullish,Information Technology
2020-08-21,NVDA,NVDA move it bears bear Time to go,0.8500569313764572,Bullish,Information Technology
2020-08-21,NVDA,NVDA where da bears at face with tears of joy,0.7812680378556252,Bullish,Information Technology
2020-08-21,NVDA,NVDA dte C at break of to money mouth face hefty hefty hefty,-0.5426726639270782,Bullish,Information Technology
2020-08-21,NVDA,NVDA rainbow flag bear please stay away You will commit if you do,0.7657965198159218,Bullish,Information Technology
2020-08-21,NVDA,NVDA Certain stocks you cannot classify as bubble add to long portfolio and check back in years rocket,0.9152471795678139,Bullish,Information Technology
2020-08-21,NVDA,NVDA World leader in A i technology STRONG LT thumbs up rocket,-0.7493332624435425,Bullish,Information Technology
2020-08-21,NVDA,NVDA warning if u compare to AMD PE nvidia still cheap Has potential to double in the long term,-0.44084645062685013,Bullish,Information Technology
2020-08-21,NVDA,NVDA This is so cheap if your a LONG player beaming face with smiling eyes,0.7408757209777832,Bullish,Information Technology
2020-08-21,NVDA,NVDA rocket full moon Going to hit a new high today,-0.7215743213891983,Bullish,Information Technology
2020-08-21,NVDA,NVDA A i Powering Data center servers rocket,0.8350948467850685,Bullish,Information Technology
2020-08-21,NVDA,NVDA A i will be the new technology revolution LONG flexed biceps,0.7773908004164696,Bullish,Information Technology
2020-08-21,NVDA,NVDA Especially A i for Data center server clouds rocket flexed biceps beaming face with smiling eyes face with hand over mouth,0.8070657402276993,Bullish,Information Technology
2020-08-21,NVDA,NVDA Almost sold this thank goodness I didn t face with tears of joy,0.6550091505050659,Bullish,Information Technology
2020-08-21,NVDA,NVDA Lots of people with sidelined cash getting when vaccines comes this will easily hit rocket,0.21030744910240173,Bullish,Information Technology
2020-08-21,NVDA,NVDA I m so happy with this stock rocket fire,0.134539395570755,Bullish,Information Technology
2020-08-21,NVDA,NVDA BUY BUY BUY This will rocket rocket on Monday s open,0.5051186233758926,Bullish,Information Technology
2020-08-21,NVDA,NVDA Sending positive money god vibes thumbs up heavy dollar sign rocket face with hand over mouth beaming face with smiling eyes,0.6368195712566376,Bullish,Information Technology
2020-08-21,NVDA,NVDA Daily AVG VOL just hit a whopping MIL yesterdays close was MIL something is up BIG boys stepping in beaming face with smiling eyes face with hand over mouth rocket thumbs up heavy dollar sign,0.5698875933885574,Bullish,Information Technology
2020-08-21,NVDA,NVDA Bouncing off s again shorties can t break it face with hand over mouth,0.7066115960478783,Bullish,Information Technology
2020-08-21,NVDA,NVDA it might be the next stock to split chart increasing,0.8793239332735538,Bullish,Information Technology
2020-08-21,NVDA,NVDA Sideway support line building for next rocket,0.6743384599685669,Bullish,Information Technology
2020-08-21,NVDA,NVDA I love when I m wrong lol rolling on the floor laughing rolling on the floor laughing rolling on the floor laughing,0.8438994474709034,Bullish,Information Technology
2020-08-21,NVDA,NVDA all the call option people with expiration for need to thank Jesus today rolling on the floor laughing rolling on the floor laughing rolling on the floor laughing,0.8767834864556789,Bullish,Information Technology
2020-08-21,NVDA,NVDA Economy World Biggest Winner st place medal Invest in Future Not Past money with wings money with wings money with wings AI Cloud Digital Robotics Gaming money with wings money with wings money with wings,0.7073949873447418,Bullish,Information Technology
2020-08-22,NVDA,NVDA AMD fanboy here hate nvidia the company but love nvidia the stock Buying a new AMD machine with these sweet gains incoming If they split the stock incoming Then tank but whatever money bag money bag,0.8821283988654613,Bullish,Information Technology
2020-08-22,NVDA,NVDA envelope with arrow Colette Kress warning for god s sake do the splits folded hands light skin tone,0.8463067151606083,Bullish,Information Technology
2020-08-22,NVDA,NVDA this needs to split man money bag money bag money bag money bag,0.8994250800460577,Bullish,Information Technology
2020-08-25,NVDA,NVDA waiting on this too moon would be nice sleep tight let s get some news soon plz winking face,0.8266033679246902,Bullish,Information Technology
2020-08-25,NVDA,NVDA looks like wants to run man running harder by Friday passing,0.4411992132663727,Bullish,Information Technology
2020-08-25,NVDA,NVDA short call AUG rocket rocket rocket,0.9170838333666325,Bullish,Information Technology
2020-08-26,NVDA,NVDA Gonna be a great day rocket rocket rocket rocket rocket rocket rocket rocket rocket rocket rocket rocket,0.8719226270914078,Bullish,Information Technology
2020-08-26,NVDA,NVDA just waiting for her to explode while I m over here getting rich off NTFLX I m just waiting I ll be patient not selling another day thinking face,0.7915548980236053,Bullish,Information Technology
2020-08-26,NVDA,NVDA its been days its trading Sideways and you know what it means Once this breaks out its gonna be beautiful longer the base better the case fire fire fire fire fire rocket rocket rocket rocket rocket rocket rocket rocket rocket rocket rocket rocket rocket,0.8913963343948126,Bullish,Information Technology
2020-08-26,NVDA,NVDA It hurts to see the market so much up today and we don t move crying face,0.07702694460749626,Bullish,Information Technology
2020-08-27,NVDA,NVDA it will go to by Sep st rocket rocket rocket,0.9069432690739632,Bullish,Information Technology
2020-08-27,NVDA,NVDA so were doing this bs again face with raised eyebrow,0.7769784480333328,Bullish,Information Technology
2020-08-27,NVDA,NVDA gotta feeling catch a runner today person running,0.7362314462661743,Bullish,Information Technology
2020-08-29,NVDA,NVDA I had an alert on this at to enter after the break out above My alert got hit I watched for mins and it retraced so I moved to a different stock and forgot to reset my alert and it popped loudly crying face lesson always reset alerts,0.7076119035482407,Bullish,Information Technology
2020-08-29,NVDA,NVDA it makes sense for NVDA to buy ARM while the stock is so rich It s not matter of if but when Holding raised fist,0.8999379239976406,Bullish,Information Technology
2020-08-31,NVDA,NVDA The ULTIMATE COUNTDOWN bxtch we going upp big skull loudly crying face rocket double exclamation mark,0.7913596965372562,Bullish,Information Technology
2020-09-01,NVDA,NVDA Cramer said buy the dips WHAT DIPS YOU DIP SHIT LETS GOOOOO face with raised eyebrow,0.8763148970901966,Bullish,Information Technology
2020-09-01,NVDA,NVDA Fired up Ready to go Fired up Ready to go fire rocket fire rocket fire rocket fire rocket fire rocket,0.8916508629918098,Bullish,Information Technology
2020-09-01,NVDA,NVDA Next my PT is chart increasing flexed biceps money bag check mark button,0.4224627912044525,Bullish,Information Technology
2020-09-01,NVDA,NVDA Hey bears wave to us waving hand medium light skin tone Literally Get those hand emojis OUT and then exit the chat Do it NOW,0.8551322445273399,Bullish,Information Technology
2020-09-01,NVDA,NVDA Short positions were stacked up premarket with their ice skates on and took a swift pipe to the shin GL playing that game on this one neutral face,0.6729043573141098,Bullish,Information Technology
2020-09-01,NVDA,NVDA Today we are doing this in remembrance of Harambe red heart,0.8369581922888756,Bullish,Information Technology
2020-09-01,NVDA,NVDA To the Moon load this dip loudly crying face,0.6152833625674248,Bullish,Information Technology
2020-09-01,NVDA,NVDA WOW massive upgradess holy shittt loudly crying face,0.5707266330718994,Bullish,Information Technology
2020-09-01,NVDA,NVDA here we go buckle up rocket double exclamation mark,0.8437609560787678,Bullish,Information Technology
2020-09-01,NVDA,NVDA shaking the weak hands power hour gonna say it all money mouth face bottle with popping cork bottle with popping cork bottle with popping cork bringing something profits from my zoom calls,0.7168834656476974,Bullish,Information Technology
2020-09-01,NVDA,NVDA the question remains can it play Crysis thinking face,0.8705794867128134,Bullish,Information Technology
2020-09-01,NVDA,NVDA No man facepalming still going to take my money with the grinning squinting face,0.5734174624085426,Bullish,Information Technology
2020-09-01,NVDA,NVDA shift your money from this to OSTK Buy on the dip and get percent of your money back easy rolling on the floor laughing,0.8635216988623142,Bullish,Information Technology
2020-09-01,NVDA,NVDA I love this stock Any old schoolers holding since money bag thumbs up,0.8289117142558098,Bullish,Information Technology
2020-09-01,NVDA,NVDA Great high powered consumer graphics cards rocket,0.6861315220594406,Bullish,Information Technology
2020-09-01,NVDA,NVDA My puts got crushed tho but who cares Haha money bag backhand index pointing left,0.5273717492818832,Bullish,Information Technology
2020-09-01,NVDA,NVDA i wanna marry to the CEO he is tooooooo charming smiling face with heart eyes smiling face with heart eyes smiling face with heart eyes slightly smiling face slightly smiling face slightly smiling face smiling face with hearts smiling face with hearts smiling face with hearts smiling face with hearts smiling face with hearts slightly smiling face,0.8928632028400898,Bullish,Information Technology
2020-09-01,NVDA,NVDA I don t care about the product anymore I just wanna marry the CEO who can help me get his number He is too charming smiling face with hearts smiling face with hearts smiling face with hearts smiling face with hearts smiling face with hearts smiling face with hearts smiling face with hearts smiling face with hearts smiling face with hearts smiling face with hearts smiling face with hearts smiling face with hearts smiling face with hearts smiling face with hearts smiling face with hearts,0.8987152464687824,Bullish,Information Technology
2020-09-01,NVDA,NVDA its time for the Split rocket rocket rocket rocket rocket rocket rocket rocket rocket rocket rocket rocket,0.8946771286427975,Bullish,Information Technology
2020-09-01,NVDA,NVDA We all love Jensen Good job for the event today thumbs up light skin tone,-0.12352415919303894,Bullish,Information Technology
2020-09-02,NVDA,NVDA get on board the money locomotive,0.7653342336416245,Bullish,Information Technology
2020-09-02,NVDA,NVDA had calls yesterday before it tanked after the news Sold Have And sweet baby Jesus maybe patience finally paid off smiling face with heart eyes,-0.15543439984321594,Bullish,Information Technology
2020-09-02,NVDA,NVDA Don t think of this price as over valued think of it as providing funding for future NVDA projects smiling face with open hands,0.7198572605848312,Bullish,Information Technology
2020-09-02,NVDA,NVDA what on earth is going on beaming face with smiling eyes,0.8526181429624557,Bullish,Information Technology
2020-09-02,NVDA,NVDA Held onto calls overnight Bought at week ago could of sold at yesterday Lets go bell When will the bears learn stonks only go up,0.843290351331234,Bullish,Information Technology
2020-09-02,NVDA,NVDA We need more shorties here for the next squeeze upto beaming face with smiling eyes,-0.1660085916519165,Bullish,Information Technology
2020-09-02,NVDA,NVDA Kind of stock you add to your term portfolio don t look at it for years heavy dollar sign heavy dollar sign heavy dollar sign,0.8713641315698624,Bullish,Information Technology
2020-09-02,NVDA,NVDA Could disrupt the Data center future with GPU LONG holding for life heart suit,0.03416218888014555,Bullish,Information Technology
2020-09-02,NVDA,NVDA New territory now LONG LONG road to K flexed biceps,0.2376357913017273,Bullish,Information Technology
2020-09-02,NVDA,NVDA Beyond cult and FOMO followers worldwide BULLHEADs Know thumbs up beaming face with smiling eyes flexed biceps smiling face with hearts rocket face with hand over mouth,0.8346345499157906,Bullish,Information Technology
2020-09-02,NVDA,NVDA LONG time Bulls patiently rewarded GRATS LONGS thumbs up,0.6572745591402054,Bullish,Information Technology
2020-09-02,NVDA,NVDA is a company that will easily last for the next years flexed biceps A i Robotics Leader LONG,-0.6314660310745239,Bullish,Information Technology
2020-09-02,NVDA,NVDA LONG K in years Nvidia ROCKS beaming face with smiling eyes,-0.10612717270851135,Bullish,Information Technology
2020-09-02,NVDA,NVDA Shorties getting wiped out today flexed biceps,0.07355562224984169,Bullish,Information Technology
2020-09-02,NVDA,NVDA let this baby ride to rocket,0.6753088384866714,Bullish,Information Technology
2020-09-02,NVDA,NVDA is this Christmas Christmas tree already smiling face with heart eyes joystick money bag wrapped gift,0.7441810220479965,Bullish,Information Technology
2020-09-02,NVDA,NVDA Glad I bought at when I thought it was too late rolling on the floor laughing going to today folded hands medium light skin tone,0.8107648640871048,Bullish,Information Technology
2020-09-02,NVDA,NVDA this could make a grown man cry upside down face,0.4533327482640743,Bullish,Information Technology
2020-09-02,NVDA,NVDA Bulls in charge take seat wait you turn shorties flexed biceps thumbs up beaming face with smiling eyes rocket heavy dollar sign,0.7243604063987732,Bullish,Information Technology
2020-09-02,NVDA,NVDA hahaha Ugly with a New High Ever This bears are hilarious face with tears of joy,0.5522833466529846,Bullish,Information Technology
2020-09-02,NVDA,NVDA market crash we are bulling up great thumbs up would See soon,0.47390905022621155,Bullish,Information Technology
2020-09-02,NVDA,NVDA Trapped a bunch of new shorties squeezing hard soon face with hand over mouth beaming face with smiling eyes rocket flexed biceps thumbs up,0.5607670396566391,Bullish,Information Technology
2020-09-02,NVDA,NVDA Too strong for shorties want a rebound flexed biceps,0.3191898316144943,Bullish,Information Technology
2020-09-02,NVDA,NVDA Back to regular rocket ship programming flexed biceps flexed biceps flexed biceps beaming face with smiling eyes beaming face with smiling eyes LONG,0.7799559757113457,Bullish,Information Technology
2020-09-03,NVDA,NVDA ouch When they said Lower Open I guess they meant down face with crossed out eyes,0.6437049135565758,Bullish,Information Technology
2020-09-03,NVDA,NVDA all the bears leaving after hours announcement face with tears of joy let the bulls get the real long term investment once they start selling their new line But the dip,0.7069046497344971,Bullish,Information Technology
2020-09-03,NVDA,NVDA Biggest Winner of Economy World shushing face chart increasing with yen money with wings Future is Chipped Like it or not shushing face dollar banknote dollar banknote dollar banknote,0.6867032423615456,Bullish,Information Technology
2020-09-03,NVDA,NVDA Well I said I was taking the day off some days your the pipe and some days your the shin I pull up my account blood everywhere HOWEVER Me and these call premiums are eyeballing each other face with monocle,0.3429025877267122,Bullish,Information Technology
2020-09-03,NVDA,NVDA that was your dip hope you guys added smiling face with sunglasses Now only way is up index pointing up,0.8042003139853477,Bullish,Information Technology
2020-09-03,NVDA,NVDA Worst case weeks after this kind of drop Loaded heavy on th and th calls to It will print Only because this is NVDA we are talking about man shrugging light skin tone rolling on the floor laughing,0.8475380018353462,Bullish,Information Technology
2020-09-03,NVDA,NVDA drop more baby I m trying to get in lower face with tongue smiling face with horns,0.8260278441011906,Bullish,Information Technology
2020-09-03,NVDA,NVDA this is now down since yesterday save face with tears of joy face with tears of joy face with tears of joy,0.6172036305069923,Bearish,Information Technology
2020-09-09,NVDA,NVDA We need more such days smiling face with open hands,0.7067959010601044,Bullish,Information Technology
2020-09-09,NVDA,NVDA close enough we got to the top of yellow at like I said where u at bears bear Want fire dollar banknote alerts like these daily with the best trading squad on the Internet Link in bio to join discord rocket rocket,0.777808167040348,Bullish,Information Technology
2020-09-09,NVDA,NVDA Let s get back where we belong flexed biceps medium dark skin tone,0.7499264851212502,Bullish,Information Technology
2020-09-09,NVDA,NVDA Greeks used to call her nemesis But the Romans called the goddess Invidia which meant Jealousy Who s nvda jealous of No one face with tears of joy,0.7528167217969894,Bullish,Information Technology
2020-09-09,NVDA,NVDA Strong Why in the world did I get puts face with tears of joy,0.407361701130867,Bullish,Information Technology
2020-09-09,NVDA,NVDA Listen to Financial Dinosaurs and Fake Traders and you will do well Not Invest in Future Not Past money with wings money with wings money with wings money with wings money with wings,0.8833713978528976,Bullish,Information Technology
2020-09-10,NVDA,NVDA Biggest Winner of Economy World shushing face chart increasing with yen money with wings,-0.8485542684793472,Bullish,Information Technology
2020-09-10,NVDA,NVDA Should be a nice Green Day back to where it belongs OK hand medium light skin tone to the moon full moon face rocket rocket rocket rocket rocket,0.8188232108950615,Bullish,Information Technology
2020-09-10,NVDA,NVDA bye bye bear bear bear bear We close plus today,0.8030629530549049,Bullish,Information Technology
2020-09-10,NVDA,NVDA you Bears bear need to go home house with garden it s almost lunch time,0.8651775438338518,Bullish,Information Technology
2020-09-10,NVDA,NVDA all you Bears bear need to go home house with garden,0.8817755468189716,Bullish,Information Technology
2020-09-10,NVDA,NVDA i bet you to short this stock face with tears of joy these next months are big events for nvdia OK hand,0.7439925596117973,Bullish,Information Technology
2020-09-10,NVDA,NVDA all you Bears bear Go Suck a big one,0.8517725355923176,Bullish,Information Technology
2020-09-14,NVDA,NVDA great day Bears bear plus by Friday money bag rolling on the floor laughing,0.442072331905365,Bullish,Information Technology
2020-09-15,NVDA,NVDA tomorrow and I ll stop being so selfish raising hands,0.8446705155074596,Bullish,Information Technology
2020-09-15,NVDA,NVDA aside from the ARMS deal they ll also be releasing a new GPU on Thursday as well grinning face with big eyes,0.8406675457954407,Bullish,Information Technology
2020-09-15,NVDA,NVDA these calls gonna buy me a new smiling face with halo,0.7811244800686836,Bullish,Information Technology
2020-09-15,NVDA,NVDA Have fun Bears bear Will close September plus,0.8927858304232359,Bullish,Information Technology
2020-09-15,NVDA,NVDA I bought a few calls on the dip today Let s see how it plays out Holding for weeks minimum rocket rocket goat,0.8385208770632744,Bullish,Information Technology
2020-09-15,NVDA,NVDA Qualcomm former ceo buys nvda shares face with tears of joy,0.7799640595912933,Bullish,Information Technology
2020-09-15,NVDA,NVDA should be the result soon love you gesture,0.7470420077443123,Bullish,Information Technology
2020-09-15,NVDA,NVDA our move will be in the form of a gap up if you a bullish I think you buy before she breaks out about all time high again If not you won t catch it PT within days rocket money mouth face,0.7290708869695663,Bullish,Information Technology
2020-09-16,NVDA,NVDA China is mad we move faster with cash why would a deal with an American company bother China and why would we even care man shrugging medium dark skin tone,0.8066570051014423,Bullish,Information Technology
2020-09-16,NVDA,NVDA load it up for LT articulated lorry money mouth face,0.8636133782565594,Bullish,Information Technology
2020-09-16,NVDA,NVDA enjoy Bears bear Will close September plus,0.9010719377547503,Bullish,Information Technology
2020-09-16,NVDA,NVDA bought more on the dip by Friday face with tears of joy face with tears of joy face with tears of joy rocket rocket rocket tumbler glass,0.8575101122260094,Bullish,Information Technology
2020-09-16,NVDA,NVDA If it dips no worries next push pm to pm winking face,0.8223681747913361,Bullish,Information Technology
2020-09-21,NVDA,NVDA Always Bullish on Nvidia Robots to replace the jobs in Economy World shushing face chart increasing with yen money with wings,-0.438633069396019,Bullish,Information Technology
2020-09-22,NVDA,NVDA lets get some money today money mouth face,0.6111486554145813,Bullish,Information Technology
2020-09-22,NVDA,NVDA we close today money bag plus we close September,0.7979307323694229,Bullish,Information Technology
2020-09-22,NVDA,NVDA someone call this tech giant and tell them that the Bull market has resumed We can t afford Nvidia taking naps winking face with tongue,0.08535347320139408,Bullish,Information Technology
2020-09-22,NVDA,NVDA all you Bears go home to Mama Bear bear,0.8715795539319515,Bullish,Information Technology
2020-09-22,NVDA,NVDA had to double down on the dip this morning Let s see that level this week and these things are gonna be fire fire,0.11546944826841354,Bullish,Information Technology
2020-09-22,NVDA,NVDA Bargain money with wings money with wings Never in doubt this is the best company in Economy World shushing face chart increasing with yen money with wings,0.380340576171875,Bullish,Information Technology
2020-09-23,NVDA,NVDA destined to do the tango with until the economy is out of this rut A good quarter is what s keeping us afloat If the market corrects any more Capitol hill might actually do something Then well really be rocket,0.5284551084041595,Bullish,Information Technology
2020-09-23,NVDA,NVDA enjoy Bears bear Will close plus today And plus September,0.8996300343424082,Bullish,Information Technology
2020-09-25,NVDA,NVDA she s ready to run boys money bag money bag money bag,0.8681744299829006,Bullish,Information Technology
2020-09-25,NVDA,NVDA we re freaking kicking ass bears bear get out the way,0.5686461217701435,Bullish,Information Technology
2020-09-25,NVDA,NVDA I ll be holding until rocket,0.9016755484044552,Bullish,Information Technology
2020-09-25,NVDA,NVDA then then next week gains party popper rocket,0.8334852010011673,Bullish,Information Technology
2020-09-25,NVDA,NVDA let s see next week party popper,0.8642416261136532,Bullish,Information Technology
2020-09-28,NVDA,NVDA For everyone that missed the bus on SUNWORKS alert today don t sleep on tomorrows run tonight party popper party popper,0.87290383502841,Bullish,Information Technology
2020-09-29,NVDA,NVDA I sure hope your on the right side of the trade calls are winning Congratulations bulls money bag money bag money bag,0.5870419442653656,Bullish,Information Technology
2020-09-29,NVDA,NVDA on our way to fill the gap Let s see by the end of week money bag money bag money bag calls are printing,0.862536609172821,Bullish,Information Technology
2020-09-29,NVDA,NVDA Risky play but lets see how it pays off C exp this week for red heart,0.7208106070756912,Bullish,Information Technology
2020-09-29,NVDA,NVDA Markets are not even green yet fire,0.8538971394300461,Bullish,Information Technology
2020-09-30,NVDA,NVDA could go green again with the market red face with tears of joy,0.5773769915103912,Bullish,Information Technology
2020-09-30,NVDA,NVDA Holy smoke NVDIA once you break the you are on way to the rocket Very very bullish,0.854132391512394,Bullish,Information Technology
2020-09-30,NVDA,NVDA Looking good fire,-0.5493065863847733,Bullish,Information Technology
2020-09-30,NVDA,NVDA this thing needs a split grinning face with sweat,0.8955562487244606,Bullish,Information Technology
2020-10-01,NVDA,NVDA thumbs up Bloomberg mention and goes to the mooooooon yes,0.8826325945556164,Bullish,Information Technology
2020-10-01,NVDA,NVDA shorts sell a few positions so we can run up money bag money bag,0.7903973311185837,Bullish,Information Technology
2020-10-01,NVDA,NVDA I grabbed long calls off low of day for a retrace up to folded hands holding and long,0.831504113972187,Bullish,Information Technology
2020-10-02,NVDA,NVDA so lucky i sold it on yesterday goona buy again later smiling face with open hands smiling face with open hands smiling face with open hands,0.7186531275510788,Bullish,Information Technology
2020-10-02,NVDA,NVDA For the daytraders and itchy fingers she s in the range without a huge volumetric push Buy toward low of that range and wait for this dragon to breathe fire over next weeks oncoming fist,0.663115918636322,Bullish,Information Technology
2020-10-02,NVDA,NVDA New police car light Buy Sell Vertical Call Debit Spread Max Debit Max Profit police car light,0.8288165107369423,Bullish,Information Technology
2020-10-06,NVDA,NVDA This is going pretty hard My puts are toast Should have kept my calls Oh well live and learn grasshopper winking face,0.7843033447861671,Bullish,Information Technology
2020-10-06,NVDA,NVDA can t wait to jump back in tomorrow hopefully we can get just a small pull back maybe martial arts uniform easy money going to play this thing all the way to,-0.41247808933258057,Bullish,Information Technology
2020-10-06,NVDA,NVDA NEW PT Long and strong hope we get a split one of these days flexed biceps rocket,-0.44043004512786865,Bullish,Information Technology
2020-10-06,NVDA,NVDA I expect to see shortly Who agrees red heart,0.7310473918914795,Bullish,Information Technology
2020-10-06,NVDA,NVDA by earnings is my goal goal net,0.7764809355139732,Bullish,Information Technology
2020-10-06,NVDA,NVDA put those calls out to next week it s only Tuesday pile of poo,0.8953985963016748,Bullish,Information Technology
2020-10-06,NVDA,NVDA glad we kept those NVDA calls into today The gap up this morning PAID Over let s go fire join our chatroom to get in on these trades with us,0.6967384964227676,Bullish,Information Technology
2020-10-07,NVDA,NVDA last minute buys very good sign smiling face with heart eyes have shares at,-0.5015336126089096,Bullish,Information Technology
2020-10-07,NVDA,NVDA market may shake off trumps temper tantrum thinking face glad I m still holding my calls,0.6107582226395607,Bullish,Information Technology
2020-10-07,NVDA,NVDA probably today That be awesome lets goooooo rocket rocket rocket rocket rocket rocket rocket rocket rocket rocket rocket rocket rocket,0.8840910866856575,Bullish,Information Technology
2020-10-07,NVDA,NVDA Any day now magnet magnet,0.7996619492769241,Bullish,Information Technology
2020-10-07,NVDA,NVDA lol give it a day or two and we will me over face with tears of joy face with tears of joy,0.8021158650517464,Bullish,Information Technology
2020-10-07,NVDA,NVDA can we get a split Its making it harder and harder to add sheesh grinning face with sweat,0.44068468175828457,Bullish,Information Technology
2020-10-07,NVDA,NVDA what is this action really a boring pattern why this is not moving above thinking face thinking face thinking face,0.8232988975942135,Bullish,Information Technology
2020-10-07,NVDA,NVDA ATH inbound sooner than later almost there maybe more Green Day thinking face,0.6902916729450226,Bullish,Information Technology
2020-10-07,NVDA,NVDA we gap up today if not fine I ll wear it but for today only clown face love you gesture medium dark skin tone,0.8561464473605156,Bullish,Information Technology
2020-10-08,NVDA,NVDA one of my biggest holdings in my retirement account rocket rocket rocket,0.9045107215642929,Bullish,Information Technology
2020-10-08,NVDA,NVDA just a little breather expect a bounce off and then continued upward trend chart increasing,0.1433708369731903,Bullish,Information Technology
2020-10-08,NVDA,NVDA In Economy World this is Everything shushing face chart increasing with yen red heart money with wings dollar banknote globe showing Europe Africa hundred points,0.695408821105957,Bullish,Information Technology
2020-10-08,NVDA,NVDA selling off slowly looking for volume to come back in for a potential swing up to sparkling heart,-0.6611529886722565,Bullish,Information Technology
2020-10-09,NVDA,NVDA tks bull need new jeans for winter time,0.7167754173278809,Bearish,Information Technology
2020-10-13,NVDA,NVDA Gaming World is changing for good around the corner money with wings money with wings money with wings money with wings,0.7913426905870438,Bullish,Information Technology
2020-10-13,NVDA,NVDA Still heading to money mouth face rocket,0.684610590338707,Bullish,Information Technology
2020-10-14,NVDA,NVDA power hour going to be hearing far away bear screams from the forest deciduous tree deciduous tree evergreen tree,0.8090370185673237,Bullish,Information Technology
2020-10-14,NVDA,NVDA buy the dips boys no pain no gain man technologist medium dark skin tone,0.8904376812279224,Bullish,Information Technology
2020-10-15,NVDA,NVDA my nvda short last night was a good call smiling face with smiling eyes smiling face with open hands hope this heavily inflated pig tanks today,0.7581561505794525,Bearish,Information Technology
2020-10-16,NVDA,NVDA Where is the rush to get out folks It wasn t worth just a year ago and now see beaming face with smiling eyes,0.6323707103729248,Bearish,Information Technology
2020-10-20,NVDA,NVDA short for the afternoon power hour could see it back towards bear,0.6123645752668381,Bearish,Information Technology
2020-10-29,NVDA,NVDA I m sitting here literally shaking my head trying to figure out why the sell off at the end of day when the stock was strong all day Then I remembered I was trading in a market full of nervous Nelly s Of course after being in hibernation all day when the price was steadily up the beartards start chiming in again with the infinite wisdom Many of them who got burned today with overnight swing puts shorts that they bought at bottom yesterday Too bad you can t sell those puts now huh Tomorrow we resume the gap up and the pain gets worst for you winking face,0.12765777856111526,Bullish,Information Technology
2020-10-30,NVDA,NVDA Have you ever seen so many Stocktradomus bears in your life Everyone s a genius when the markets are red and the stock is down Amazingly enough these people have ZERO predictions for us when the markets are green and the stock is up face with rolling eyes,0.5220632031559944,Bullish,Information Technology
2020-10-30,NVDA,NVDA Will it be a EOD sell off or rally thinking face,0.848591860383749,Bullish,Information Technology
2020-10-30,NVDA,NVDA Come on baby for a moral victory face with tears of joy rolling on the floor laughing grinning face with sweat,0.6888955682516098,Bullish,Information Technology
2020-11-03,NVDA,NVDA Lots of doomsday bears eating crow the last days with their predictions of a continued market sell off and tech sector correction They habe all but disappeared now as usual Surely they will return to double down if the market goes red and these tech stocks start to fall face with rolling eyes,0.0338332150131464,Bullish,Information Technology
2020-11-05,NVDA,NVDA got wiped out for straight weeks from Right when I get out it erases those losses in DAYS skull neutral face,0.1567525416612625,Bullish,Information Technology
2020-11-06,NVDA,NVDA don t fight the trend Back above day out of a shakeout Leader We going up arrow,0.5656132102012634,Bullish,Information Technology
2020-11-07,NVDA,NVDA I think this will see check mark button hundred points folded hands medium skin tone,0.8314852863550186,Bullish,Information Technology
2020-11-09,NVDA,NVDA i honestly feel this is going to tank a bit more due to apple s event tomorrow releasing their own chips Along w the decrease in sales due to covid vaccine more people will invest in travel etc so my puts will for sure keep printing best of luck to all y all but more for us BEARS crossed fingers crossed fingers light skin tone crossed fingers medium light skin tone crossed fingers medium skin tone crossed fingers medium dark skin tone crossed fingers dark skin tone bear crossed fingers crossed fingers light skin tone crossed fingers medium light skin tone crossed fingers medium skin tone crossed fingers medium dark skin tone crossed fingers dark skin tone,0.8475074805319309,Bearish,Information Technology
2020-11-11,NVDA,NVDA buy the dip Sell the bigger dip face with tears of joy,0.8294205814599991,Bearish,Information Technology
2020-11-11,NVDA,NVDA Everything bellow is Bargain money with wings money with wings money with wings,0.7811591103672981,Bullish,Information Technology
2020-11-11,NVDA,NVDA Once we pass that number we are flying money with wings airplane,0.7600245922803879,Bullish,Information Technology
2020-11-12,NVDA,NVDA it drops a lot after the announcement of the vaccine news but it will bounce back today I believe it will reach this week I just added some more shares rocket rocket rocket,0.10360543429851532,Bullish,Information Technology
2020-11-12,NVDA,NVDA Above its going to thumbs up,0.4395102560520172,Bullish,Information Technology
2020-11-12,NVDA,NVDA earnings call next Wednesday the th after close of trading Expecting a BIG eps beat and beat on Revenue Come get your money money bag,-0.15638640522956848,Bullish,Information Technology
2020-11-12,NVDA,NVDA is the O U for EOW Place your bets slot machine,0.8929840512573719,Bullish,Information Technology
2020-11-13,NVDA,NVDA lockdown news should make this one launch rocket in the morning,0.2432064712047577,Bullish,Information Technology
2020-11-13,NVDA,NVDA Any chance we could see again anytime soon This stock belongs in My Portfolio flexed biceps backhand index pointing left,0.829190120100975,Bullish,Information Technology
2020-11-13,NVDA,NVDA guys enough talking about Monday What s gonna happen today dtes are a priority discussion rn Can we see this pump today face with tears of joy,0.731364481151104,Bullish,Information Technology
2020-11-14,NVDA,NVDA face with monocle face with monocle face with monocle face with monocle face with raised eyebrow interesting ARK owns more shares of Honeywell than this gotta be real people valuation is exploding head,0.8804743718355894,Bearish,Information Technology
2020-11-16,NVDA,Coincidentally NVDA is the last stock that I traded call options on before an earnings report I purchased the Aug st calls days b earnings and days b expiry Stock killed earnings but yo yoed yo yo up down and I feel lucky that I got out with a profit that Friday,0.6068458408117294,Bullish,Information Technology
2020-11-17,NVDA,NVDA back to back Mondays with vaccine news hammering the stock price Let s see some strong momentum into ER Tues and Wed resistance seen today push through that and hopefully it ll fire firecracker s for ER then rocket,-0.8716626055538654,Bullish,Information Technology
2020-11-17,NVDA,NVDA I ve been adding all morning lol someone tell me to stop face with tears of joy,0.6877262592315674,Bullish,Information Technology
2020-11-18,NVDA,NVDA Every earnings this stock drops man facepalming light skin tone,0.3699959069490433,Bearish,Information Technology
2020-11-18,NVDA,NVDA Been holding for months barely breaking even if it drops tonight am screwed Let us pray earnings are best face with tears of joy thumbs up,0.6103498488664627,Bullish,Information Technology
2020-11-18,NVDA,NVDA Harvest Day Ton of people showing up with huge baskets Trying to reap fruits red apple of labor of those who invested months ago,0.6856865137815475,Bullish,Information Technology
2020-11-18,NVDA,NVDA or bust for my lotto play beaming face with smiling eyes,0.860067643225193,Bullish,Information Technology
2020-11-18,NVDA,NVDA Record revenue of billion up percent from a year earlier Record Gaming revenue of billion up percent from a year earlier Record Data Center revenue of billion up percent from a year earlier money mouth face green heart,-0.5967443138360977,Bullish,Information Technology
2020-11-18,NVDA,NVDA never fails enraged face man shrugging man facepalming Beats then drops Sells off next day Then recovers in a week,0.7208824791014194,Bullish,Information Technology
2020-11-18,NVDA,NVDA What a dominant company fire These next couple months are going to be huge raising hands,0.7783120423555374,Bullish,Information Technology
2020-11-18,NVDA,NVDA Record revenue of billion up percent from a year earlier Record Gaming revenue of billion up percent from a year earlier Record Data Center revenue of billion up percent from a year earlier money mouth face,-0.8671972788870335,Bullish,Information Technology
2020-11-18,NVDA,NVDA should be an interesting CC fire raising hands They are such a successful company fire,-0.49346591532230377,Bullish,Information Technology
2020-11-18,NVDA,NVDA don t be silly and give your shares away This is just how NVDA rolls Buy more or sit tight clapping hands clapping hands,0.89699662104249,Bullish,Information Technology
2020-11-18,NVDA,NVDA this is a flawless splendid sparkling ER dizzy sparkles money mouth face,0.7068553268909454,Bullish,Information Technology
2020-11-18,NVDA,NVDA the bears on this board can t even afford one share loudly crying face loudly crying face loudly crying face loudly crying face,0.5202614646404982,Bullish,Information Technology
2020-11-18,NVDA,NVDA they just destroyed every number from last quarter top and bottom beat fire Tmrw us going to be a great day for the stock Who cares about the stock price though this company is during on all cylinders and us the best in the world,0.379532128572464,Bullish,Information Technology
2020-11-18,NVDA,NVDA this pos isn t even moving up or down I bought put and call both face with tears of joy Let s see in the am tomorrow Either way won t be in loss at last min bet for ER rocket money mouth face,0.7873918116092682,Bullish,Information Technology
2020-11-18,NVDA,NVDA this after hours reaction is appalling this company killed its earnings and guidance is nuts and the stock is dropping Hahaha just wait ox ox ox,0.019226690754294395,Bullish,Information Technology
2020-11-18,NVDA,NVDA upgrades are on the way Play smart tumbler glass zany face,0.4762650728225708,Bullish,Information Technology
2020-11-18,NVDA,NVDA about to skyrocket at PM Let s f go bitcheezzzzz That s a huge profit and rev they made rocket money mouth face or tomorrow,0.46999067068099976,Bullish,Information Technology
2020-11-18,NVDA,NVDA premium sellers ALWAYS win on NVDA ER s smiling face with sunglasses,0.7319597601890564,Bullish,Information Technology
2020-11-18,NVDA,NVDA honestly I have no clue what they re talking about face with tears of joy,0.8285043053328991,Bullish,Information Technology
2020-11-18,NVDA,NVDA beat all top to bottom but down cause Biden shutdown and lock down Get it you vote then what you get No cried crying face loudly crying face Buy dips and Trump trade intact,0.8777810484170914,Bullish,Information Technology
2020-11-18,NVDA,NVDA tech gets hammer due to locked move all stay home stocks now Hahhhah Still buy all dips for long holders Nice nice,0.45336195081472397,Bullish,Information Technology
2020-11-18,NVDA,NVDA it great time to buy with stunning star struck er,-0.04260605573654175,Bullish,Information Technology
2020-11-18,NVDA,NVDA Only way to beat market maker game You bet straight to win Place your bet at lowest support levels Find support level for day If your scalping bet straight to win with stop stop sign Longer term player you need to find Daily support levels then bet straight to win Only way to beat market maker at their game,0.8506485819816589,Bullish,Information Technology
2020-11-18,NVDA,NVDA blessed be the panic sellers thank you for allowing me to buy cheap calls tomorrow chart increasing,-0.15081802010536194,Bullish,Information Technology
2020-11-18,NVDA,NVDA look how choppy the action is it s all manipulation to get retail to unload on not great but amazing earnings face with tears of joy,0.20334824919700623,Bullish,Information Technology
2020-11-18,NVDA,NVDA person raising hand adding more tmrw long strong collision Christmas tree,-0.039156168699264526,Bullish,Information Technology
2020-11-18,NVDA,NVDA every er we dip then ath in few days hold stfu shushing face,0.8159663677215576,Bullish,Information Technology
2020-11-18,NVDA,NVDA Chillout bulls down is peanuts peanuts,0.6128268018364906,Bullish,Information Technology
2020-11-18,NVDA,NVDA thank u for the iv u purchased from me today Put spreads under will print flexed biceps light skin tone flexed biceps light skin tone,0.8092748746275902,Bullish,Information Technology
2020-11-19,NVDA,NVDA increase in revenue from last year to almost heavy dollar sign B let that sink a little bit will be green tomorrow check mark button,-0.26870298385620117,Bullish,Information Technology
2020-11-19,NVDA,NVDA Lets sneak a peak into my crystal bell face with monocle crystal ball,0.7013549953699112,Bullish,Information Technology
2020-11-19,NVDA,NVDA small blue diamond choose your target High analysts pt Medium analysts pt Average analyst pt,0.8811469562351704,Bullish,Information Technology
2020-11-19,NVDA,NVDA buy every dip ignore all bears bear and daily treader,0.8750499561429024,Bullish,Information Technology
2020-11-19,NVDA,NVDA Might give us ELECTRIFYING KISS kiss mark AMD moving higher up today,-0.45429128408432007,Bullish,Information Technology
2020-11-19,NVDA,NVDA Will CLOSE GREEN Then tomorrow rocket rocket rocket rocket rocket rocket rocket rocket rocket rocket rocket rocket rocket rocket rocket rocket rocket rocket,0.9187403470277786,Bullish,Information Technology
2020-11-19,NVDA,NVDA Gets a fantastic ER with zero traction Meanwhile that overstuffed pig ZM gets the news of another school lockdown in NY and is up in less then two days orangutan,-0.6579138040542603,Bullish,Information Technology
2020-11-19,NVDA,NVDA Victory Went long at today Just sold scalp at little above daily pivot price of Captured full per share Added to yesterday capture of per share per share capture Got lucky four leaf clover today Kinda was using technical setup Dan Zangers uses,0.5184224545955658,Bullish,Information Technology
2020-11-19,NVDA,NVDA what do have now red to green I am surprised face with open mouth,0.6657650321722031,Bullish,Information Technology
2020-11-19,NVDA,NVDA Will close above TODAY rocket rocket rocket rocket rocket rocket rocket rocket,0.9103155583143234,Bullish,Information Technology
2020-11-19,NVDA,NVDA enough with the shenanigans get this green already grinning squinting face,0.3416174352169037,Bullish,Information Technology
2020-11-19,NVDA,NVDA targets everywhere and y all thought it was going sub face with tears of joy face with tears of joy face with tears of joy face with tears of joy face with tears of joy face with tears of joy face with tears of joy,0.8471684381365776,Bullish,Information Technology
2020-11-20,NVDA,NVDA Future is Chipped chart increasing with yen money with wings money with wings money with wings money with wings Even Bears bear know it chart increasing with yen dollar banknote dollar banknote dollar banknote,-0.21837812662124634,Bullish,Information Technology
2020-11-20,NVDA,NVDA this hasn t budged small blue diamond it s coiling up,0.2548901289701462,Bullish,Information Technology
2020-11-20,NVDA,NVDA this stock going to give me a heart attack grimacing face,0.10346975736320019,Bullish,Information Technology
2020-11-20,NVDA,NVDA Lets fly to by EOD Or at least face with tears of joy,0.7591197043657303,Bullish,Information Technology
2020-11-20,NVDA,NVDA come to mommy Trying to get filled rolling on the floor laughing funny play on words,0.6322552636265755,Bullish,Information Technology
2020-11-20,NVDA,NVDA where are the bears with their mda and broken support and so on face vomiting face with tears of joy face with tears of joy face with tears of joy,0.8144807070493698,Bullish,Information Technology
2020-11-20,NVDA,NVDA Bulls will tell you how great earnings were How bright the future is Toxic Tea hot beverage,0.797175794839859,Bearish,Information Technology
2020-11-20,NVDA,NVDA New York Thick Cut Shrimp shrimp tonight Shorted opening HEAD FAKE,0.5498751327395439,Bearish,Information Technology
2020-11-23,NVDA,NVDA I ve been around long enough to know when something is about to blast off diabolical Accumulation day Launch day coming soon rocket woman astronaut man astronaut rocket,0.8935624808073044,Bullish,Information Technology
2020-11-24,NVDA,NVDA betting against tech stocks bear must be crazy,0.8214410468935966,Bullish,Information Technology
2020-11-24,NVDA,NVDA Are you ready looks like we hit the bottom areas time to takeoff rocket,0.5435351431369781,Bullish,Information Technology
2020-11-26,NVDA,NVDA I wonder if these will make money thinking face can t wait to find out I m thinking they double that s K,0.8105995059013367,Bullish,Information Technology
2020-12-01,NVDA,NVDA Let s get this break and make money yen banknote money bag money mouth face,0.8621571101248264,Bullish,Information Technology
2020-12-01,NVDA,NVDA I smell next week star struck star struck star struck,0.8028556853532791,Bullish,Information Technology
2020-12-01,NVDA,NVDA consolidated for so long and need to go to the moon full moon face today with a push from the market,0.38048216700553894,Bullish,Information Technology
2020-12-01,NVDA,NVDA where s the dude that said EOD He was wrong it was intraday rolling on the floor laughing rolling on the floor laughing,0.7920219227671623,Bullish,Information Technology
2020-12-02,NVDA,NVDA Bloodbath awaits sell on open and run face with tears of joy,0.5910600945353508,Bearish,Information Technology
2020-12-02,NVDA,NVDA Failed to break yesterday will be punished for the pathetic performance by dropping below by Friday thumbs up,0.0287735965102911,Bearish,Information Technology
2020-12-02,NVDA,NVDA and then there was this thinking face,0.8801986798644066,Bullish,Information Technology
2020-12-03,NVDA,NVDA C at that touch of smirking face,0.6958903819322586,Bullish,Information Technology
2020-12-03,NVDA,NVDA last time low before shushing face dollar banknote,-0.08801771700382233,Bullish,Information Technology
2020-12-04,NVDA,NVDA Ughh can t find an RTX or TI anywhere sad but relieved face Well at least the stock doing OK,0.41573888063430786,Bullish,Information Technology
2020-12-04,NVDA,NVDA closed beautifully It shows a signal that the future next week brings a windfall dollar banknote dollar banknote dollar banknote dollar banknote dollar banknote dollar banknote dollar banknote,0.6647367179393768,Bullish,Information Technology
2020-12-04,NVDA,NVDA can we close at beaming face with smiling eyes,0.7026305943727493,Bullish,Information Technology
2020-12-04,NVDA,NVDA any stock recommended by Fool Soon fly high dollar banknote dollar banknote dollar banknote airplane airplane,0.8446328192949295,Bullish,Information Technology
2020-12-10,NVDA,NVDA Wow gettin trucked face with tears of joy face with tears of joy face with tears of joy Say hello to the handle in about minutes,0.8382589146494865,Bearish,Information Technology
2020-12-15,NVDA,NVDA NVDA to All Time Highs Good morning traders today we want to share our analysis in NVDA small orange diamond Needless to say it,-0.3176831305027008,Bullish,Information Technology
2020-12-21,NVDA,NVDA show me that money baby money mouth face rocket,0.8944730758666992,Bullish,Information Technology
2020-12-22,NVDA,NVDA removed the tail on my jan c c debit spread Let s go rocket rocket rocket,0.7352187372744083,Bullish,Information Technology
2020-12-22,NVDA,NVDA imagine being bearish in nvidia face with tears of joy face with tears of joy,0.8240842632949352,Bullish,Information Technology
2020-12-22,NVDA,NVDA With Covid parents have bought game consoles for xmas like crazy squinting face with tongue eom,0.8023870140314102,Bullish,Information Technology
2020-12-29,NVDA,NVDA consolidation base in coil mode ready to jump once the trend breaks the bounce comes fast with this one bullseye or even retest the highs by,-0.3661351501941681,Bullish,Information Technology
2020-12-30,NVDA,NVDA could today be the day we hit breakout thinking face,0.5320739895105362,Bullish,Information Technology
2020-12-30,NVDA,NVDA We are gonna be here for a long time but it is what is it Fear money doesn t make money money bag,0.8809281513094902,Bullish,Information Technology
2020-12-30,NVDA,NVDA She won t be here forever these shorts shorts will get margin calls soon,0.18737764842808247,Bullish,Information Technology
2020-12-30,NVDA,NVDA trimmed position my position and letting profits ride I was in heavy grinning face with sweat on my options star struck,0.26610445231199265,Bullish,Information Technology
2020-12-30,NVDA,NVDA looking for a big move here eyes,0.6882635653018951,Bullish,Information Technology
2020-12-30,NVDA,NVDA looking strong folded hands we just need spy to bump Vix is perking so it could get a little sketch Not sure how nvda will react if market pulls back hard grinning face with sweat,0.6470090448856354,Bullish,Information Technology
2020-12-30,NVDA,NVDA Showing life with huge upside potential heavy dollar sign heavy dollar sign heavy dollar sign,0.726592980325222,Bullish,Information Technology
2020-12-30,NVDA,NVDA PT on this one eyes,0.8940755091607571,Bullish,Information Technology
2020-12-30,NVDA,NVDA Stock solid green today Looks to have ended consolidation and is now bouncing off its base Back up we go from here Being the best run U S company this stock is a fundamental long term holding in my portfolio rocket,0.3713262677192688,Bullish,Information Technology
2020-12-30,NVDA,NVDA about time we got a little bounce smiling face with heart eyes,0.6438876241445541,Bullish,Information Technology
2020-12-30,NVDA,NVDA c at from how was that Are u printing Congrats rocket rocket,0.8800752647221088,Bullish,Information Technology
2020-12-30,NVDA,NVDA people are acting like a drop after going up on no news in a flat market is a bad omen face with tears of joy face with tears of joy face with tears of joy see you in weeks up at ATH Mark this post,0.2430214136838913,Bullish,Information Technology
2020-12-30,NVDA,NVDA update on my alert smiling face with sunglasses money bag raising hands light skin tone,0.7936108112335205,Bullish,Information Technology
2020-12-31,NVDA,NVDA wake thumbs up SL and is the target,0.680788204073906,Bullish,Information Technology
2020-12-30,NVDA,NVDA Ready to run for Next week rocket rocket rocket,0.7766651660203934,Bullish,Information Technology
2020-12-31,NVDA,NVDA rebound timeeeeeeeee What Pt do you have Comment below star struck star struck,0.9047874379903078,Bullish,Information Technology
2020-12-31,NVDA,NVDA LETS TAKE A TRIP IN MY LIYTLE ROCKET SHIT rocket,0.8849234879016876,Bullish,Information Technology
