date,ticker,text,sentiment,original_sentiment,industry
2020-04-16,PG,Hoping these Calls on PG pay off grinning face with sweat grinning face with sweat grinning face with sweat grinning face with sweat grinning face with sweat,0.8536641038954258,Bullish,Consumer Staples
2020-04-16,PG,PG Got calls and already up fingers crossed for tomorrow raised fist medium skin tone Don t see this going down these next couple of weeks,0.7858921065926552,Bullish,Consumer Staples
2020-04-17,PG,PG a beat and good report with consideration we are in a pandemic speak no evil monkey hear no evil monkey see no evil monkey TOP arrow money mouth face,0.879633828997612,Bullish,Consumer Staples
2020-04-17,PG,PG let s see and I saw it lastnight lol speak no evil monkey man shrugging medium skin tone money mouth face beaming face with smiling eyes,0.822983868420124,Bullish,Consumer Staples
2020-04-17,PG,PG looks like it s going be a pm runner man shrugging medium skin tone money mouth face TOP arrow,0.8334923386573792,Bullish,Consumer Staples
2020-04-28,PG,PG we need a law suit against PG executives They all can keep dumping stocks at the same time angry face angry face,0.33038847893476486,Bearish,Consumer Staples
2020-04-29,PG,PG how low can we go kitchen knife kitchen knife kitchen knife kitchen knife,0.8688731789588928,Bearish,Consumer Staples
2020-05-07,PG,PG it feels so good shorting pg stocks beaming face with smiling eyes beaming face with smiling eyes face with tears of joy face with tears of joy,0.7086619287729263,Bearish,Consumer Staples
2020-05-20,PG,PG I ll take some here Not sure if we are headed into the Ichimoku Cloud or bounce off but I ll gamble game die slot machine person fencing Can always long hold a name like this in the worst case,0.8784188143908978,Bullish,Consumer Staples
2020-05-19,PG,PG added at long term hold money mouth face,0.7632775157690048,Bullish,Consumer Staples
2020-05-29,PG,PG everybody uses Proctor products How much is Million US customers worth I say a share discount rate rocket rocket rocket rocket rocket rocket,0.8948633596301079,Bullish,Consumer Staples
2020-05-28,PG,PG strong move above the ma resistance at A break over that is a long hold money bag rocket,0.32754817605018616,Bullish,Consumer Staples
2020-06-19,PG,PG Looking good for another run smiling face with sunglasses,0.677980586886406,Bullish,Consumer Staples
2020-07-15,PG,PG my first trade I ever made a few years back and still have it going strong My good luck charm smirking face,0.6029195785522461,Bullish,Consumer Staples
2020-07-30,PG,PG musical notes ER will brings all the traders to the yard musical notes And they re like it s better than yours musical notes musical notes Damn right it s better than yours musical notes money mouth face green heart,0.8635656870901585,Bullish,Consumer Staples
2020-09-02,PG,PG this calls for a celebration smiling face with heart eyes Look who finally hit gains after yrs of holding this It s about time money mouth face clinking glasses,0.7276160567998886,Bullish,Consumer Staples
