date,ticker,text,sentiment,original_sentiment,industry
2020-01-03,TSM,TSM oof bad hit overall market let s see what happens today man shrugging man shrugging https www digitimes com news aPD html theme v color hl en sp,0.7555389180779457,Bullish,Information Technology
2020-01-08,TSM,TSM Sold at over gain Looking to get back in after the unexpected market drop chart increasing chart increasing,-0.5872770063579082,Bullish,Information Technology
2020-01-07,TSM,TSM well let me be the first to say that we are going to partake in a very ugly day tomorrow Losses coming in hot for tomorrow weary face weary face weary face weary face,0.17342674732208252,Bullish,Information Technology
2020-01-09,TSM,TSM looking forward to that touchdown dollar banknote american football american football dollar banknote,0.8189276531338692,Bullish,Information Technology
2020-01-09,TSM,TSM Absolutrly tipping on the Taiwan market flushed face,-0.38985665887594223,Bullish,Information Technology
2020-01-08,TSM,TSM we will definitely close at today smiling face with sunglasses,0.6261846423149109,Bullish,Information Technology
2020-01-09,TSM,TSM Sold at open to lock in profits again This one likes to go up and down water wave chart increasing,0.7072050124406815,Bullish,Information Technology
2020-01-13,TSM,TSM my calls are starting to get juicy heading into ER flexed biceps medium dark skin tone,0.8048401400446892,Bullish,Information Technology
2020-01-13,TSM,TSM broke resistance held over should rally now into earnings love you gesture flexed biceps money bag,0.06713372468948364,Bullish,Information Technology
2020-01-15,TSM,TSM that s why you invest and not day trade days like today are nothing compared to the bigger picture for bunch of nervous Nancy s on this board only pop up to post cheer when it s going up and get all scared and negative when it drops sell and move on welcome to the world of investing folks yawning face,0.8240544069558382,Bullish,Information Technology
2020-01-15,TSM,TSM anytime I see read the words record revenue Gross margin it just makes my whole body tingle face with hand over mouth,0.7897301241755486,Bullish,Information Technology
2020-01-14,TSM,TSM is a winner Every G phone will have a more advanced semi conductor then what s in phones now G is going to huge over G TSM is going to be selling to everybody phones gamers cars medical and on an on I think we enjoy the ride airplane airplane airplane,0.6855299770832062,Bullish,Information Technology
2020-01-17,TSM,TSM destroyed Soo many call options today face with head bandage,0.07850994262844324,Bullish,Information Technology
2020-02-11,TSM,TSM would like to see this trading in the s by next report smiling cat with heart eyes,0.6047554612159729,Bullish,Information Technology
2020-02-10,TSM,TSM Glad I sold my puts from my strangle and went into calls Probably a big day in the Taiwanese market tomorrow and we see chart increasing chart increasing,-0.7983618527650833,Bullish,Information Technology
2020-04-15,TSM,TSM May Calls only c big discount That won t last long after earnings party popper party popper party popper party popper,0.8668947741389275,Bullish,Information Technology
2020-05-15,TSM,TSM Just filled LEGGGGGGOOOOO fire fire fire fire fire fire fire I HOPE THAT WAS THE LAST DIP nauseated face nauseated face nauseated face nauseated face nauseated face nauseated face nauseated face nauseated face,0.2967401687055826,Bullish,Information Technology
2020-05-15,TSM,TSM stay here until next Friday plz so I can load up see no evil monkey,0.8907193392515182,Bullish,Information Technology
2020-06-23,TSM,cocktail glass TSM love this stock It s on the way up and still following projections,-0.19037705659866333,Bullish,Information Technology
2020-07-10,TSM,TSM folded hands light skin tone folded hands light skin tone for the dip Made it a full position Will wait for a few months for the real breakout smiling face with sunglasses,0.8696896471083164,Bullish,Information Technology
2020-07-14,TSM,TSM Best investment I made in terms of calls This thing is printing money money with wings,0.858563169836998,Bullish,Information Technology
2020-07-17,TSM,TSM when that TSMC dividend hits ur account face with tears of joy,0.6718280501663685,Bullish,Information Technology
2020-07-22,TSM,TSM is only up over since we posted about it Last month face with monocle ox beaming face with smiling eyes man shrugging Keep following those Yogi s though smirking face,0.8417155668139458,Bullish,Information Technology
2020-07-27,TSM,TSM let s just hit no reason to stop at this point face with monocle exploding head thinking face eyes rocket,0.6485317945480347,Bullish,Information Technology
2020-07-27,TSM,TSM nice thumbs up light skin tone day today hopefully this runs again tomorrow rocket money mouth face,0.7434804365038872,Bullish,Information Technology
2020-07-28,TSM,TSM New Highs Where do you think everyone will flop after earnings on AMD face with monocle face with monocle,0.8116995394229889,Bullish,Information Technology
2020-07-28,TSM,TSM Simon Sayz price target money with wings All seriousness this is a great company and I believe in them,0.19387024641036987,Bullish,Information Technology
2020-08-05,TSM,TSM bought it at but why keep dropping now expressionless face,0.6605078652501106,Bullish,Information Technology
2020-08-05,TSM,TSM o I miss this how can I do sad but relieved face,0.6710078492760658,Bullish,Information Technology
2020-09-02,TSM,TSM double top resistance broke Looking for that money with wings money mouth face dollar banknote heavy dollar sign,0.705462783575058,Bullish,Information Technology
2020-09-02,TSM,TSM I alerted this four times If you didn t profit I don t know what to say loudly crying face loudly crying face loudly crying face dollar banknote dollar banknote There were no signs of life I felt like I was talking to myself in the time board,0.76201581209898,Bullish,Information Technology
2020-09-15,TSM,TSM buy the dip Wait Theirs no dip rolling on the floor laughing,0.8853616304695606,Bullish,Information Technology
2020-09-25,TSM,TSM this has become the laggard in the semiconductor industry Wondering if it has to do with escalating tension between us and China Fundamentals are still strong but the current stock price isn t reflective of that man shrugging dark skin tone still,0.4312267303466797,Bullish,Information Technology
2020-09-29,TSM,I think TSM will shine now until earnings as they always shine on earnings I m also thinking with the US elections approaching the future of US China tech trade relations might drastically change New contracts New negotiations We could see ATH shattered by end of year chart increasing,0.48282477259635925,Bullish,Information Technology
2020-10-06,TSM,TSM from alert today collision watching for more thumbs up clinking beer mugs,0.6700574532151222,Bullish,Information Technology
2020-10-05,TSM,Sold about half of my TSM options today at for huge bank,0.8794106245040894,Bullish,Information Technology
2020-10-08,TSM,TSM just reported another blowout month new breakout incoming thinking face,-0.24369671940803528,Bullish,Information Technology
2020-10-07,TSM,TSM lottery call for bucks man shrugging medium skin tone,0.8129960522055626,Bullish,Information Technology
2020-10-07,TSM,TSM Oh yeah baby plus it take you week hit new high Right time right stock right money money bag,0.5578691959381104,Bullish,Information Technology
2020-10-07,TSM,TSM first pt met from the swing money mouth face,0.8648079186677933,Bullish,Information Technology
2020-10-08,TSM,TSM right time right stock right on the money money bag,0.8289608582854271,Bullish,Information Technology
2020-10-24,TSM,TSM instead of buying AMD or Intel i would long this after doing some research tonight victory hand,0.8511714935302734,Bullish,Information Technology
2020-11-28,TSM,TSM back to soon money with wings,0.6431158781051636,Bullish,Information Technology
2020-12-04,TSM,TSM c Gimme water wave,0.8764477148652077,Bullish,Information Technology
